pokemon_id,pokemon_name,species_name,primary_type,secondary_type,is_mono-type,generation,total_stats,is_legendary,is_fully_evolved,is_regional_variant,is_default_form,hp,attack,defense,special-attack,special-defense,speed
1,bulbasaur,bulbasaur,grass,poison,False,1,318,False,False,False,True,45,49,49,65,65,45
2,ivysaur,ivysaur,grass,poison,False,1,405,False,False,False,True,60,62,63,80,80,60
3,venusaur,venusaur,grass,poison,False,1,525,False,True,False,True,80,82,83,100,100,80
4,charmander,charmander,fire,fire,True,1,309,False,False,False,True,39,52,43,60,50,65
5,charmeleon,charmeleon,fire,fire,True,1,405,False,False,False,True,58,64,58,80,65,80
6,charizard,charizard,fire,flying,False,1,534,False,True,False,True,78,84,78,109,85,100
7,squirtle,squirtle,water,water,True,1,314,False,False,False,True,44,48,65,50,64,43
8,wartortle,wartortle,water,water,True,1,405,False,False,False,True,59,63,80,65,80,58
9,blastoise,blastoise,water,water,True,1,530,False,True,False,True,79,83,100,85,105,78
10,caterpie,caterpie,bug,bug,True,1,195,False,False,False,True,45,30,35,20,20,45
11,metapod,metapod,bug,bug,True,1,205,False,False,False,True,50,20,55,25,25,30
12,butterfree,butterfree,bug,flying,False,1,395,False,True,False,True,60,45,50,90,80,70
13,weedle,weedle,bug,poison,False,1,195,False,False,False,True,40,35,30,20,20,50
14,kakuna,kakuna,bug,poison,False,1,205,False,False,False,True,45,25,50,25,25,35
15,beedrill,beedrill,bug,poison,False,1,395,False,True,False,True,65,90,40,45,80,75
16,pidgey,pidgey,normal,flying,False,1,251,False,False,False,True,40,45,40,35,35,56
17,pidgeotto,pidgeotto,normal,flying,False,1,349,False,False,False,True,63,60,55,50,50,71
18,pidgeot,pidgeot,normal,flying,False,1,479,False,True,False,True,83,80,75,70,70,101
19,rattata,rattata,normal,normal,True,1,253,False,False,False,True,30,56,35,25,35,72
20,raticate,raticate,normal,normal,True,1,413,False,True,False,True,55,81,60,50,70,97
21,spearow,spearow,normal,flying,False,1,262,False,False,False,True,40,60,30,31,31,70
22,fearow,fearow,normal,flying,False,1,442,False,True,False,True,65,90,65,61,61,100
23,ekans,ekans,poison,poison,True,1,288,False,False,False,True,35,60,44,40,54,55
24,arbok,arbok,poison,poison,True,1,448,False,True,False,True,60,95,69,65,79,80
25,pikachu,pikachu,electric,electric,True,1,320,False,False,False,True,35,55,40,50,50,90
26,raichu,raichu,electric,electric,True,1,485,False,True,False,True,60,90,55,90,80,110
27,sandshrew,sandshrew,ground,ground,True,1,300,False,False,False,True,50,75,85,20,30,40
28,sandslash,sandslash,ground,ground,True,1,450,False,True,False,True,75,100,110,45,55,65
29,nidoran-f,nidoran-f,poison,poison,True,1,275,False,False,False,True,55,47,52,40,40,41
30,nidorina,nidorina,poison,poison,True,1,365,False,False,False,True,70,62,67,55,55,56
31,nidoqueen,nidoqueen,poison,ground,False,1,505,False,True,False,True,90,92,87,75,85,76
32,nidoran-m,nidoran-m,poison,poison,True,1,273,False,False,False,True,46,57,40,40,40,50
33,nidorino,nidorino,poison,poison,True,1,365,False,False,False,True,61,72,57,55,55,65
34,nidoking,nidoking,poison,ground,False,1,505,False,True,False,True,81,102,77,85,75,85
35,clefairy,clefairy,fairy,fairy,True,1,323,False,False,False,True,70,45,48,60,65,35
36,clefable,clefable,fairy,fairy,True,1,483,False,True,False,True,95,70,73,95,90,60
37,vulpix,vulpix,fire,fire,True,1,299,False,False,False,True,38,41,40,50,65,65
38,ninetales,ninetales,fire,fire,True,1,505,False,True,False,True,73,76,75,81,100,100
39,jigglypuff,jigglypuff,normal,fairy,False,1,270,False,False,False,True,115,45,20,45,25,20
40,wigglytuff,wigglytuff,normal,fairy,False,1,435,False,True,False,True,140,70,45,85,50,45
41,zubat,zubat,poison,flying,False,1,245,False,False,False,True,40,45,35,30,40,55
42,golbat,golbat,poison,flying,False,1,455,False,False,False,True,75,80,70,65,75,90
43,oddish,oddish,grass,poison,False,1,320,False,False,False,True,45,50,55,75,65,30
44,gloom,gloom,grass,poison,False,1,395,False,False,False,True,60,65,70,85,75,40
45,vileplume,vileplume,grass,poison,False,1,490,False,True,False,True,75,80,85,110,90,50
46,paras,paras,bug,grass,False,1,285,False,False,False,True,35,70,55,45,55,25
47,parasect,parasect,bug,grass,False,1,405,False,True,False,True,60,95,80,60,80,30
48,venonat,venonat,bug,poison,False,1,305,False,False,False,True,60,55,50,40,55,45
49,venomoth,venomoth,bug,poison,False,1,450,False,True,False,True,70,65,60,90,75,90
50,diglett,diglett,ground,ground,True,1,265,False,False,False,True,10,55,25,35,45,95
51,dugtrio,dugtrio,ground,ground,True,1,425,False,True,False,True,35,100,50,50,70,120
52,meowth,meowth,normal,normal,True,1,290,False,False,False,True,40,45,35,40,40,90
53,persian,persian,normal,normal,True,1,440,False,True,False,True,65,70,60,65,65,115
54,psyduck,psyduck,water,water,True,1,320,False,False,False,True,50,52,48,65,50,55
55,golduck,golduck,water,water,True,1,500,False,True,False,True,80,82,78,95,80,85
56,mankey,mankey,fighting,fighting,True,1,305,False,False,False,True,40,80,35,35,45,70
57,primeape,primeape,fighting,fighting,True,1,455,False,False,False,True,65,105,60,60,70,95
58,growlithe,growlithe,fire,fire,True,1,350,False,False,False,True,55,70,45,70,50,60
59,arcanine,arcanine,fire,fire,True,1,555,False,True,False,True,90,110,80,100,80,95
60,poliwag,poliwag,water,water,True,1,300,False,False,False,True,40,50,40,40,40,90
61,poliwhirl,poliwhirl,water,water,True,1,385,False,False,False,True,65,65,65,50,50,90
62,poliwrath,poliwrath,water,fighting,False,1,510,False,True,False,True,90,95,95,70,90,70
63,abra,abra,psychic,psychic,True,1,310,False,False,False,True,25,20,15,105,55,90
64,kadabra,kadabra,psychic,psychic,True,1,400,False,False,False,True,40,35,30,120,70,105
65,alakazam,alakazam,psychic,psychic,True,1,500,False,True,False,True,55,50,45,135,95,120
66,machop,machop,fighting,fighting,True,1,305,False,False,False,True,70,80,50,35,35,35
67,machoke,machoke,fighting,fighting,True,1,405,False,False,False,True,80,100,70,50,60,45
68,machamp,machamp,fighting,fighting,True,1,505,False,True,False,True,90,130,80,65,85,55
69,bellsprout,bellsprout,grass,poison,False,1,300,False,False,False,True,50,75,35,70,30,40
70,weepinbell,weepinbell,grass,poison,False,1,390,False,False,False,True,65,90,50,85,45,55
71,victreebel,victreebel,grass,poison,False,1,490,False,True,False,True,80,105,65,100,70,70
72,tentacool,tentacool,water,poison,False,1,335,False,False,False,True,40,40,35,50,100,70
73,tentacruel,tentacruel,water,poison,False,1,515,False,True,False,True,80,70,65,80,120,100
74,geodude,geodude,rock,ground,False,1,300,False,False,False,True,40,80,100,30,30,20
75,graveler,graveler,rock,ground,False,1,390,False,False,False,True,55,95,115,45,45,35
76,golem,golem,rock,ground,False,1,495,False,True,False,True,80,120,130,55,65,45
77,ponyta,ponyta,fire,fire,True,1,410,False,False,False,True,50,85,55,65,65,90
78,rapidash,rapidash,fire,fire,True,1,500,False,True,False,True,65,100,70,80,80,105
79,slowpoke,slowpoke,water,psychic,False,1,315,False,False,False,True,90,65,65,40,40,15
80,slowbro,slowbro,water,psychic,False,1,490,False,True,False,True,95,75,110,100,80,30
81,magnemite,magnemite,electric,steel,False,1,325,False,False,False,True,25,35,70,95,55,45
82,magneton,magneton,electric,steel,False,1,465,False,False,False,True,50,60,95,120,70,70
83,farfetchd,farfetchd,normal,flying,False,1,377,False,False,False,True,52,90,55,58,62,60
84,doduo,doduo,normal,flying,False,1,310,False,False,False,True,35,85,45,35,35,75
85,dodrio,dodrio,normal,flying,False,1,470,False,True,False,True,60,110,70,60,60,110
86,seel,seel,water,water,True,1,325,False,False,False,True,65,45,55,45,70,45
87,dewgong,dewgong,water,ice,False,1,475,False,True,False,True,90,70,80,70,95,70
88,grimer,grimer,poison,poison,True,1,325,False,False,False,True,80,80,50,40,50,25
89,muk,muk,poison,poison,True,1,500,False,True,False,True,105,105,75,65,100,50
90,shellder,shellder,water,water,True,1,305,False,False,False,True,30,65,100,45,25,40
91,cloyster,cloyster,water,ice,False,1,525,False,True,False,True,50,95,180,85,45,70
92,gastly,gastly,ghost,poison,False,1,310,False,False,False,True,30,35,30,100,35,80
93,haunter,haunter,ghost,poison,False,1,405,False,False,False,True,45,50,45,115,55,95
94,gengar,gengar,ghost,poison,False,1,500,False,True,False,True,60,65,60,130,75,110
95,onix,onix,rock,ground,False,1,385,False,False,False,True,35,45,160,30,45,70
96,drowzee,drowzee,psychic,psychic,True,1,328,False,False,False,True,60,48,45,43,90,42
97,hypno,hypno,psychic,psychic,True,1,483,False,True,False,True,85,73,70,73,115,67
98,krabby,krabby,water,water,True,1,325,False,False,False,True,30,105,90,25,25,50
99,kingler,kingler,water,water,True,1,475,False,True,False,True,55,130,115,50,50,75
100,voltorb,voltorb,electric,electric,True,1,330,False,False,False,True,40,30,50,55,55,100
101,electrode,electrode,electric,electric,True,1,490,False,True,False,True,60,50,70,80,80,150
102,exeggcute,exeggcute,grass,psychic,False,1,325,False,False,False,True,60,40,80,60,45,40
103,exeggutor,exeggutor,grass,psychic,False,1,530,False,True,False,True,95,95,85,125,75,55
104,cubone,cubone,ground,ground,True,1,320,False,False,False,True,50,50,95,40,50,35
105,marowak,marowak,ground,ground,True,1,425,False,True,False,True,60,80,110,50,80,45
106,hitmonlee,hitmonlee,fighting,fighting,True,1,455,False,True,False,True,50,120,53,35,110,87
107,hitmonchan,hitmonchan,fighting,fighting,True,1,455,False,True,False,True,50,105,79,35,110,76
108,lickitung,lickitung,normal,normal,True,1,385,False,False,False,True,90,55,75,60,75,30
109,koffing,koffing,poison,poison,True,1,340,False,False,False,True,40,65,95,60,45,35
110,weezing,weezing,poison,poison,True,1,490,False,True,False,True,65,90,120,85,70,60
111,rhyhorn,rhyhorn,ground,rock,False,1,345,False,False,False,True,80,85,95,30,30,25
112,rhydon,rhydon,ground,rock,False,1,485,False,False,False,True,105,130,120,45,45,40
113,chansey,chansey,normal,normal,True,1,450,False,False,False,True,250,5,5,35,105,50
114,tangela,tangela,grass,grass,True,1,435,False,False,False,True,65,55,115,100,40,60
115,kangaskhan,kangaskhan,normal,normal,True,1,490,False,True,False,True,105,95,80,40,80,90
116,horsea,horsea,water,water,True,1,295,False,False,False,True,30,40,70,70,25,60
117,seadra,seadra,water,water,True,1,440,False,False,False,True,55,65,95,95,45,85
118,goldeen,goldeen,water,water,True,1,320,False,False,False,True,45,67,60,35,50,63
119,seaking,seaking,water,water,True,1,450,False,True,False,True,80,92,65,65,80,68
120,staryu,staryu,water,water,True,1,340,False,False,False,True,30,45,55,70,55,85
121,starmie,starmie,water,psychic,False,1,520,False,True,False,True,60,75,85,100,85,115
122,mr-mime,mr-mime,psychic,fairy,False,1,460,False,False,False,True,40,45,65,100,120,90
123,scyther,scyther,bug,flying,False,1,500,False,False,False,True,70,110,80,55,80,105
124,jynx,jynx,ice,psychic,False,1,455,False,True,False,True,65,50,35,115,95,95
125,electabuzz,electabuzz,electric,electric,True,1,490,False,False,False,True,65,83,57,95,85,105
126,magmar,magmar,fire,fire,True,1,495,False,False,False,True,65,95,57,100,85,93
127,pinsir,pinsir,bug,bug,True,1,500,False,True,False,True,65,125,100,55,70,85
128,tauros,tauros,normal,normal,True,1,490,False,True,False,True,75,100,95,40,70,110
129,magikarp,magikarp,water,water,True,1,200,False,False,False,True,20,10,55,15,20,80
130,gyarados,gyarados,water,flying,False,1,540,False,True,False,True,95,125,79,60,100,81
131,lapras,lapras,water,ice,False,1,535,False,True,False,True,130,85,80,85,95,60
132,ditto,ditto,normal,normal,True,1,288,False,True,False,True,48,48,48,48,48,48
133,eevee,eevee,normal,normal,True,1,325,False,False,False,True,55,55,50,45,65,55
134,vaporeon,vaporeon,water,water,True,1,525,False,True,False,True,130,65,60,110,95,65
135,jolteon,jolteon,electric,electric,True,1,525,False,True,False,True,65,65,60,110,95,130
136,flareon,flareon,fire,fire,True,1,525,False,True,False,True,65,130,60,95,110,65
137,porygon,porygon,normal,normal,True,1,395,False,False,False,True,65,60,70,85,75,40
138,omanyte,omanyte,rock,water,False,1,355,False,False,False,True,35,40,100,90,55,35
139,omastar,omastar,rock,water,False,1,495,False,True,False,True,70,60,125,115,70,55
140,kabuto,kabuto,rock,water,False,1,355,False,False,False,True,30,80,90,55,45,55
141,kabutops,kabutops,rock,water,False,1,495,False,True,False,True,60,115,105,65,70,80
142,aerodactyl,aerodactyl,rock,flying,False,1,515,False,True,False,True,80,105,65,60,75,130
143,snorlax,snorlax,normal,normal,True,1,540,False,True,False,True,160,110,65,65,110,30
144,articuno,articuno,ice,flying,False,1,580,True,True,False,True,90,85,100,95,125,85
145,zapdos,zapdos,electric,flying,False,1,580,True,True,False,True,90,90,85,125,90,100
146,moltres,moltres,fire,flying,False,1,580,True,True,False,True,90,100,90,125,85,90
147,dratini,dratini,dragon,dragon,True,1,300,False,False,False,True,41,64,45,50,50,50
148,dragonair,dragonair,dragon,dragon,True,1,420,False,False,False,True,61,84,65,70,70,70
149,dragonite,dragonite,dragon,flying,False,1,600,False,True,False,True,91,134,95,100,100,80
150,mewtwo,mewtwo,psychic,psychic,True,1,680,True,True,False,True,106,110,90,154,90,130
151,mew,mew,psychic,psychic,True,1,600,False,True,False,True,100,100,100,100,100,100
152,chikorita,chikorita,grass,grass,True,2,318,False,False,False,True,45,49,65,49,65,45
153,bayleef,bayleef,grass,grass,True,2,405,False,False,False,True,60,62,80,63,80,60
154,meganium,meganium,grass,grass,True,2,525,False,True,False,True,80,82,100,83,100,80
155,cyndaquil,cyndaquil,fire,fire,True,2,309,False,False,False,True,39,52,43,60,50,65
156,quilava,quilava,fire,fire,True,2,405,False,False,False,True,58,64,58,80,65,80
157,typhlosion,typhlosion,fire,fire,True,2,534,False,True,False,True,78,84,78,109,85,100
158,totodile,totodile,water,water,True,2,314,False,False,False,True,50,65,64,44,48,43
159,croconaw,croconaw,water,water,True,2,405,False,False,False,True,65,80,80,59,63,58
160,feraligatr,feraligatr,water,water,True,2,530,False,True,False,True,85,105,100,79,83,78
161,sentret,sentret,normal,normal,True,2,215,False,False,False,True,35,46,34,35,45,20
162,furret,furret,normal,normal,True,2,415,False,True,False,True,85,76,64,45,55,90
163,hoothoot,hoothoot,normal,flying,False,2,262,False,False,False,True,60,30,30,36,56,50
164,noctowl,noctowl,normal,flying,False,2,452,False,True,False,True,100,50,50,86,96,70
165,ledyba,ledyba,bug,flying,False,2,265,False,False,False,True,40,20,30,40,80,55
166,ledian,ledian,bug,flying,False,2,390,False,True,False,True,55,35,50,55,110,85
167,spinarak,spinarak,bug,poison,False,2,250,False,False,False,True,40,60,40,40,40,30
168,ariados,ariados,bug,poison,False,2,400,False,True,False,True,70,90,70,60,70,40
169,crobat,crobat,poison,flying,False,2,535,False,True,False,True,85,90,80,70,80,130
170,chinchou,chinchou,water,electric,False,2,330,False,False,False,True,75,38,38,56,56,67
171,lanturn,lanturn,water,electric,False,2,460,False,True,False,True,125,58,58,76,76,67
172,pichu,pichu,electric,electric,True,2,205,False,False,False,True,20,40,15,35,35,60
173,cleffa,cleffa,fairy,fairy,True,2,218,False,False,False,True,50,25,28,45,55,15
174,igglybuff,igglybuff,normal,fairy,False,2,210,False,False,False,True,90,30,15,40,20,15
175,togepi,togepi,fairy,fairy,True,2,245,False,False,False,True,35,20,65,40,65,20
176,togetic,togetic,fairy,flying,False,2,405,False,False,False,True,55,40,85,80,105,40
177,natu,natu,psychic,flying,False,2,320,False,False,False,True,40,50,45,70,45,70
178,xatu,xatu,psychic,flying,False,2,470,False,True,False,True,65,75,70,95,70,95
179,mareep,mareep,electric,electric,True,2,280,False,False,False,True,55,40,40,65,45,35
180,flaaffy,flaaffy,electric,electric,True,2,365,False,False,False,True,70,55,55,80,60,45
181,ampharos,ampharos,electric,electric,True,2,510,False,True,False,True,90,75,85,115,90,55
182,bellossom,bellossom,grass,grass,True,2,490,False,True,False,True,75,80,95,90,100,50
183,marill,marill,water,fairy,False,2,250,False,False,False,True,70,20,50,20,50,40
184,azumarill,azumarill,water,fairy,False,2,420,False,True,False,True,100,50,80,60,80,50
185,sudowoodo,sudowoodo,rock,rock,True,2,410,False,True,False,True,70,100,115,30,65,30
186,politoed,politoed,water,water,True,2,500,False,True,False,True,90,75,75,90,100,70
187,hoppip,hoppip,grass,flying,False,2,250,False,False,False,True,35,35,40,35,55,50
188,skiploom,skiploom,grass,flying,False,2,340,False,False,False,True,55,45,50,45,65,80
189,jumpluff,jumpluff,grass,flying,False,2,460,False,True,False,True,75,55,70,55,95,110
190,aipom,aipom,normal,normal,True,2,360,False,False,False,True,55,70,55,40,55,85
191,sunkern,sunkern,grass,grass,True,2,180,False,False,False,True,30,30,30,30,30,30
192,sunflora,sunflora,grass,grass,True,2,425,False,True,False,True,75,75,55,105,85,30
193,yanma,yanma,bug,flying,False,2,390,False,False,False,True,65,65,45,75,45,95
194,wooper,wooper,water,ground,False,2,210,False,False,False,True,55,45,45,25,25,15
195,quagsire,quagsire,water,ground,False,2,430,False,True,False,True,95,85,85,65,65,35
196,espeon,espeon,psychic,psychic,True,2,525,False,True,False,True,65,65,60,130,95,110
197,umbreon,umbreon,dark,dark,True,2,525,False,True,False,True,95,65,110,60,130,65
198,murkrow,murkrow,dark,flying,False,2,405,False,False,False,True,60,85,42,85,42,91
199,slowking,slowking,water,psychic,False,2,490,False,True,False,True,95,75,80,100,110,30
200,misdreavus,misdreavus,ghost,ghost,True,2,435,False,False,False,True,60,60,60,85,85,85
201,unown,unown,psychic,psychic,True,2,336,False,True,False,True,48,72,48,72,48,48
202,wobbuffet,wobbuffet,psychic,psychic,True,2,405,False,True,False,True,190,33,58,33,58,33
203,girafarig,girafarig,normal,psychic,False,2,455,False,False,False,True,70,80,65,90,65,85
204,pineco,pineco,bug,bug,True,2,290,False,False,False,True,50,65,90,35,35,15
205,forretress,forretress,bug,steel,False,2,465,False,True,False,True,75,90,140,60,60,40
206,dunsparce,dunsparce,normal,normal,True,2,415,False,False,False,True,100,70,70,65,65,45
207,gligar,gligar,ground,flying,False,2,430,False,False,False,True,65,75,105,35,65,85
208,steelix,steelix,steel,ground,False,2,510,False,True,False,True,75,85,200,55,65,30
209,snubbull,snubbull,fairy,fairy,True,2,300,False,False,False,True,60,80,50,40,40,30
210,granbull,granbull,fairy,fairy,True,2,450,False,True,False,True,90,120,75,60,60,45
211,qwilfish,qwilfish,water,poison,False,2,440,False,False,False,True,65,95,85,55,55,85
212,scizor,scizor,bug,steel,False,2,500,False,True,False,True,70,130,100,55,80,65
213,shuckle,shuckle,bug,rock,False,2,505,False,True,False,True,20,10,230,10,230,5
214,heracross,heracross,bug,fighting,False,2,500,False,True,False,True,80,125,75,40,95,85
215,sneasel,sneasel,dark,ice,False,2,430,False,False,False,True,55,95,55,35,75,115
216,teddiursa,teddiursa,normal,normal,True,2,330,False,False,False,True,60,80,50,50,50,40
217,ursaring,ursaring,normal,normal,True,2,500,False,False,False,True,90,130,75,75,75,55
218,slugma,slugma,fire,fire,True,2,250,False,False,False,True,40,40,40,70,40,20
219,magcargo,magcargo,fire,rock,False,2,430,False,True,False,True,60,50,120,90,80,30
220,swinub,swinub,ice,ground,False,2,250,False,False,False,True,50,50,40,30,30,50
221,piloswine,piloswine,ice,ground,False,2,450,False,False,False,True,100,100,80,60,60,50
222,corsola,corsola,water,rock,False,2,410,False,False,False,True,65,55,95,65,95,35
223,remoraid,remoraid,water,water,True,2,300,False,False,False,True,35,65,35,65,35,65
224,octillery,octillery,water,water,True,2,480,False,True,False,True,75,105,75,105,75,45
225,delibird,delibird,ice,flying,False,2,330,False,True,False,True,45,55,45,65,45,75
226,mantine,mantine,water,flying,False,2,485,False,True,False,True,85,40,70,80,140,70
227,skarmory,skarmory,steel,flying,False,2,465,False,True,False,True,65,80,140,40,70,70
228,houndour,houndour,dark,fire,False,2,330,False,False,False,True,45,60,30,80,50,65
229,houndoom,houndoom,dark,fire,False,2,500,False,True,False,True,75,90,50,110,80,95
230,kingdra,kingdra,water,dragon,False,2,540,False,True,False,True,75,95,95,95,95,85
231,phanpy,phanpy,ground,ground,True,2,330,False,False,False,True,90,60,60,40,40,40
232,donphan,donphan,ground,ground,True,2,500,False,True,False,True,90,120,120,60,60,50
233,porygon2,porygon2,normal,normal,True,2,515,False,False,False,True,85,80,90,105,95,60
234,stantler,stantler,normal,normal,True,2,465,False,False,False,True,73,95,62,85,65,85
235,smeargle,smeargle,normal,normal,True,2,250,False,True,False,True,55,20,35,20,45,75
236,tyrogue,tyrogue,fighting,fighting,True,2,210,False,False,False,True,35,35,35,35,35,35
237,hitmontop,hitmontop,fighting,fighting,True,2,455,False,True,False,True,50,95,95,35,110,70
238,smoochum,smoochum,ice,psychic,False,2,305,False,False,False,True,45,30,15,85,65,65
239,elekid,elekid,electric,electric,True,2,360,False,False,False,True,45,63,37,65,55,95
240,magby,magby,fire,fire,True,2,365,False,False,False,True,45,75,37,70,55,83
241,miltank,miltank,normal,normal,True,2,490,False,True,False,True,95,80,105,40,70,100
242,blissey,blissey,normal,normal,True,2,540,False,True,False,True,255,10,10,75,135,55
243,raikou,raikou,electric,electric,True,2,580,True,True,False,True,90,85,75,115,100,115
244,entei,entei,fire,fire,True,2,580,True,True,False,True,115,115,85,90,75,100
245,suicune,suicune,water,water,True,2,580,True,True,False,True,100,75,115,90,115,85
246,larvitar,larvitar,rock,ground,False,2,300,False,False,False,True,50,64,50,45,50,41
247,pupitar,pupitar,rock,ground,False,2,410,False,False,False,True,70,84,70,65,70,51
248,tyranitar,tyranitar,rock,dark,False,2,600,False,True,False,True,100,134,110,95,100,61
249,lugia,lugia,psychic,flying,False,2,680,True,True,False,True,106,90,130,90,154,110
250,ho-oh,ho-oh,fire,flying,False,2,680,True,True,False,True,106,130,90,110,154,90
251,celebi,celebi,psychic,grass,False,2,600,False,True,False,True,100,100,100,100,100,100
252,treecko,treecko,grass,grass,True,3,310,False,False,False,True,40,45,35,65,55,70
253,grovyle,grovyle,grass,grass,True,3,405,False,False,False,True,50,65,45,85,65,95
254,sceptile,sceptile,grass,grass,True,3,530,False,True,False,True,70,85,65,105,85,120
255,torchic,torchic,fire,fire,True,3,310,False,False,False,True,45,60,40,70,50,45
256,combusken,combusken,fire,fighting,False,3,405,False,False,False,True,60,85,60,85,60,55
257,blaziken,blaziken,fire,fighting,False,3,530,False,True,False,True,80,120,70,110,70,80
258,mudkip,mudkip,water,water,True,3,310,False,False,False,True,50,70,50,50,50,40
259,marshtomp,marshtomp,water,ground,False,3,405,False,False,False,True,70,85,70,60,70,50
260,swampert,swampert,water,ground,False,3,535,False,True,False,True,100,110,90,85,90,60
261,poochyena,poochyena,dark,dark,True,3,220,False,False,False,True,35,55,35,30,30,35
262,mightyena,mightyena,dark,dark,True,3,420,False,True,False,True,70,90,70,60,60,70
263,zigzagoon,zigzagoon,normal,normal,True,3,240,False,False,False,True,38,30,41,30,41,60
264,linoone,linoone,normal,normal,True,3,420,False,False,False,True,78,70,61,50,61,100
265,wurmple,wurmple,bug,bug,True,3,195,False,False,False,True,45,45,35,20,30,20
266,silcoon,silcoon,bug,bug,True,3,205,False,False,False,True,50,35,55,25,25,15
267,beautifly,beautifly,bug,flying,False,3,395,False,True,False,True,60,70,50,100,50,65
268,cascoon,cascoon,bug,bug,True,3,205,False,False,False,True,50,35,55,25,25,15
269,dustox,dustox,bug,poison,False,3,385,False,True,False,True,60,50,70,50,90,65
270,lotad,lotad,water,grass,False,3,220,False,False,False,True,40,30,30,40,50,30
271,lombre,lombre,water,grass,False,3,340,False,False,False,True,60,50,50,60,70,50
272,ludicolo,ludicolo,water,grass,False,3,480,False,True,False,True,80,70,70,90,100,70
273,seedot,seedot,grass,grass,True,3,220,False,False,False,True,40,40,50,30,30,30
274,nuzleaf,nuzleaf,grass,dark,False,3,340,False,False,False,True,70,70,40,60,40,60
275,shiftry,shiftry,grass,dark,False,3,480,False,True,False,True,90,100,60,90,60,80
276,taillow,taillow,normal,flying,False,3,270,False,False,False,True,40,55,30,30,30,85
277,swellow,swellow,normal,flying,False,3,455,False,True,False,True,60,85,60,75,50,125
278,wingull,wingull,water,flying,False,3,270,False,False,False,True,40,30,30,55,30,85
279,pelipper,pelipper,water,flying,False,3,440,False,True,False,True,60,50,100,95,70,65
280,ralts,ralts,psychic,fairy,False,3,198,False,False,False,True,28,25,25,45,35,40
281,kirlia,kirlia,psychic,fairy,False,3,278,False,False,False,True,38,35,35,65,55,50
282,gardevoir,gardevoir,psychic,fairy,False,3,518,False,True,False,True,68,65,65,125,115,80
283,surskit,surskit,bug,water,False,3,269,False,False,False,True,40,30,32,50,52,65
284,masquerain,masquerain,bug,flying,False,3,454,False,True,False,True,70,60,62,100,82,80
285,shroomish,shroomish,grass,grass,True,3,295,False,False,False,True,60,40,60,40,60,35
286,breloom,breloom,grass,fighting,False,3,460,False,True,False,True,60,130,80,60,60,70
287,slakoth,slakoth,normal,normal,True,3,280,False,False,False,True,60,60,60,35,35,30
288,vigoroth,vigoroth,normal,normal,True,3,440,False,False,False,True,80,80,80,55,55,90
289,slaking,slaking,normal,normal,True,3,670,False,True,False,True,150,160,100,95,65,100
290,nincada,nincada,bug,ground,False,3,266,False,False,False,True,31,45,90,30,30,40
291,ninjask,ninjask,bug,flying,False,3,456,False,True,False,True,61,90,45,50,50,160
292,shedinja,shedinja,bug,ghost,False,3,236,False,True,False,True,1,90,45,30,30,40
293,whismur,whismur,normal,normal,True,3,240,False,False,False,True,64,51,23,51,23,28
294,loudred,loudred,normal,normal,True,3,360,False,False,False,True,84,71,43,71,43,48
295,exploud,exploud,normal,normal,True,3,490,False,True,False,True,104,91,63,91,73,68
296,makuhita,makuhita,fighting,fighting,True,3,237,False,False,False,True,72,60,30,20,30,25
297,hariyama,hariyama,fighting,fighting,True,3,474,False,True,False,True,144,120,60,40,60,50
298,azurill,azurill,normal,fairy,False,3,190,False,False,False,True,50,20,40,20,40,20
299,nosepass,nosepass,rock,rock,True,3,375,False,False,False,True,30,45,135,45,90,30
300,skitty,skitty,normal,normal,True,3,260,False,False,False,True,50,45,45,35,35,50
301,delcatty,delcatty,normal,normal,True,3,400,False,True,False,True,70,65,65,55,55,90
302,sableye,sableye,dark,ghost,False,3,380,False,True,False,True,50,75,75,65,65,50
303,mawile,mawile,steel,fairy,False,3,380,False,True,False,True,50,85,85,55,55,50
304,aron,aron,steel,rock,False,3,330,False,False,False,True,50,70,100,40,40,30
305,lairon,lairon,steel,rock,False,3,430,False,False,False,True,60,90,140,50,50,40
306,aggron,aggron,steel,rock,False,3,530,False,True,False,True,70,110,180,60,60,50
307,meditite,meditite,fighting,psychic,False,3,280,False,False,False,True,30,40,55,40,55,60
308,medicham,medicham,fighting,psychic,False,3,410,False,True,False,True,60,60,75,60,75,80
309,electrike,electrike,electric,electric,True,3,295,False,False,False,True,40,45,40,65,40,65
310,manectric,manectric,electric,electric,True,3,475,False,True,False,True,70,75,60,105,60,105
311,plusle,plusle,electric,electric,True,3,405,False,True,False,True,60,50,40,85,75,95
312,minun,minun,electric,electric,True,3,405,False,True,False,True,60,40,50,75,85,95
313,volbeat,volbeat,bug,bug,True,3,430,False,True,False,True,65,73,75,47,85,85
314,illumise,illumise,bug,bug,True,3,430,False,True,False,True,65,47,75,73,85,85
315,roselia,roselia,grass,poison,False,3,400,False,False,False,True,50,60,45,100,80,65
316,gulpin,gulpin,poison,poison,True,3,302,False,False,False,True,70,43,53,43,53,40
317,swalot,swalot,poison,poison,True,3,467,False,True,False,True,100,73,83,73,83,55
318,carvanha,carvanha,water,dark,False,3,305,False,False,False,True,45,90,20,65,20,65
319,sharpedo,sharpedo,water,dark,False,3,460,False,True,False,True,70,120,40,95,40,95
320,wailmer,wailmer,water,water,True,3,400,False,False,False,True,130,70,35,70,35,60
321,wailord,wailord,water,water,True,3,500,False,True,False,True,170,90,45,90,45,60
322,numel,numel,fire,ground,False,3,305,False,False,False,True,60,60,40,65,45,35
323,camerupt,camerupt,fire,ground,False,3,460,False,True,False,True,70,100,70,105,75,40
324,torkoal,torkoal,fire,fire,True,3,470,False,True,False,True,70,85,140,85,70,20
325,spoink,spoink,psychic,psychic,True,3,330,False,False,False,True,60,25,35,70,80,60
326,grumpig,grumpig,psychic,psychic,True,3,470,False,True,False,True,80,45,65,90,110,80
327,spinda,spinda,normal,normal,True,3,360,False,True,False,True,60,60,60,60,60,60
328,trapinch,trapinch,ground,ground,True,3,290,False,False,False,True,45,100,45,45,45,10
329,vibrava,vibrava,ground,dragon,False,3,340,False,False,False,True,50,70,50,50,50,70
330,flygon,flygon,ground,dragon,False,3,520,False,True,False,True,80,100,80,80,80,100
331,cacnea,cacnea,grass,grass,True,3,335,False,False,False,True,50,85,40,85,40,35
332,cacturne,cacturne,grass,dark,False,3,475,False,True,False,True,70,115,60,115,60,55
333,swablu,swablu,normal,flying,False,3,310,False,False,False,True,45,40,60,40,75,50
334,altaria,altaria,dragon,flying,False,3,490,False,True,False,True,75,70,90,70,105,80
335,zangoose,zangoose,normal,normal,True,3,458,False,True,False,True,73,115,60,60,60,90
336,seviper,seviper,poison,poison,True,3,458,False,True,False,True,73,100,60,100,60,65
337,lunatone,lunatone,rock,psychic,False,3,460,False,True,False,True,90,55,65,95,85,70
338,solrock,solrock,rock,psychic,False,3,460,False,True,False,True,90,95,85,55,65,70
339,barboach,barboach,water,ground,False,3,288,False,False,False,True,50,48,43,46,41,60
340,whiscash,whiscash,water,ground,False,3,468,False,True,False,True,110,78,73,76,71,60
341,corphish,corphish,water,water,True,3,308,False,False,False,True,43,80,65,50,35,35
342,crawdaunt,crawdaunt,water,dark,False,3,468,False,True,False,True,63,120,85,90,55,55
343,baltoy,baltoy,ground,psychic,False,3,300,False,False,False,True,40,40,55,40,70,55
344,claydol,claydol,ground,psychic,False,3,500,False,True,False,True,60,70,105,70,120,75
345,lileep,lileep,rock,grass,False,3,355,False,False,False,True,66,41,77,61,87,23
346,cradily,cradily,rock,grass,False,3,495,False,True,False,True,86,81,97,81,107,43
347,anorith,anorith,rock,bug,False,3,355,False,False,False,True,45,95,50,40,50,75
348,armaldo,armaldo,rock,bug,False,3,495,False,True,False,True,75,125,100,70,80,45
349,feebas,feebas,water,water,True,3,200,False,False,False,True,20,15,20,10,55,80
350,milotic,milotic,water,water,True,3,540,False,True,False,True,95,60,79,100,125,81
351,castform,castform,normal,normal,True,3,420,False,True,False,True,70,70,70,70,70,70
352,kecleon,kecleon,normal,normal,True,3,440,False,True,False,True,60,90,70,60,120,40
353,shuppet,shuppet,ghost,ghost,True,3,295,False,False,False,True,44,75,35,63,33,45
354,banette,banette,ghost,ghost,True,3,455,False,True,False,True,64,115,65,83,63,65
355,duskull,duskull,ghost,ghost,True,3,295,False,False,False,True,20,40,90,30,90,25
356,dusclops,dusclops,ghost,ghost,True,3,455,False,False,False,True,40,70,130,60,130,25
357,tropius,tropius,grass,flying,False,3,460,False,True,False,True,99,68,83,72,87,51
358,chimecho,chimecho,psychic,psychic,True,3,455,False,True,False,True,75,50,80,95,90,65
359,absol,absol,dark,dark,True,3,465,False,True,False,True,65,130,60,75,60,75
360,wynaut,wynaut,psychic,psychic,True,3,260,False,False,False,True,95,23,48,23,48,23
361,snorunt,snorunt,ice,ice,True,3,300,False,False,False,True,50,50,50,50,50,50
362,glalie,glalie,ice,ice,True,3,480,False,True,False,True,80,80,80,80,80,80
363,spheal,spheal,ice,water,False,3,290,False,False,False,True,70,40,50,55,50,25
364,sealeo,sealeo,ice,water,False,3,410,False,False,False,True,90,60,70,75,70,45
365,walrein,walrein,ice,water,False,3,530,False,True,False,True,110,80,90,95,90,65
366,clamperl,clamperl,water,water,True,3,345,False,False,False,True,35,64,85,74,55,32
367,huntail,huntail,water,water,True,3,485,False,True,False,True,55,104,105,94,75,52
368,gorebyss,gorebyss,water,water,True,3,485,False,True,False,True,55,84,105,114,75,52
369,relicanth,relicanth,water,rock,False,3,485,False,True,False,True,100,90,130,45,65,55
370,luvdisc,luvdisc,water,water,True,3,330,False,True,False,True,43,30,55,40,65,97
371,bagon,bagon,dragon,dragon,True,3,300,False,False,False,True,45,75,60,40,30,50
372,shelgon,shelgon,dragon,dragon,True,3,420,False,False,False,True,65,95,100,60,50,50
373,salamence,salamence,dragon,flying,False,3,600,False,True,False,True,95,135,80,110,80,100
374,beldum,beldum,steel,psychic,False,3,300,False,False,False,True,40,55,80,35,60,30
375,metang,metang,steel,psychic,False,3,420,False,False,False,True,60,75,100,55,80,50
376,metagross,metagross,steel,psychic,False,3,600,False,True,False,True,80,135,130,95,90,70
377,regirock,regirock,rock,rock,True,3,580,True,True,False,True,80,100,200,50,100,50
378,regice,regice,ice,ice,True,3,580,True,True,False,True,80,50,100,100,200,50
379,registeel,registeel,steel,steel,True,3,580,True,True,False,True,80,75,150,75,150,50
380,latias,latias,dragon,psychic,False,3,600,True,True,False,True,80,80,90,110,130,110
381,latios,latios,dragon,psychic,False,3,600,True,True,False,True,80,90,80,130,110,110
382,kyogre,kyogre,water,water,True,3,670,True,True,False,True,100,100,90,150,140,90
383,groudon,groudon,ground,ground,True,3,670,True,True,False,True,100,150,140,100,90,90
384,rayquaza,rayquaza,dragon,flying,False,3,680,True,True,False,True,105,150,90,150,90,95
385,jirachi,jirachi,steel,psychic,False,3,600,False,True,False,True,100,100,100,100,100,100
386,deoxys-normal,deoxys,psychic,psychic,True,3,600,False,True,False,True,50,150,50,150,50,150
387,turtwig,turtwig,grass,grass,True,4,318,False,False,False,True,55,68,64,45,55,31
388,grotle,grotle,grass,grass,True,4,405,False,False,False,True,75,89,85,55,65,36
389,torterra,torterra,grass,ground,False,4,525,False,True,False,True,95,109,105,75,85,56
390,chimchar,chimchar,fire,fire,True,4,309,False,False,False,True,44,58,44,58,44,61
391,monferno,monferno,fire,fighting,False,4,405,False,False,False,True,64,78,52,78,52,81
392,infernape,infernape,fire,fighting,False,4,534,False,True,False,True,76,104,71,104,71,108
393,piplup,piplup,water,water,True,4,314,False,False,False,True,53,51,53,61,56,40
394,prinplup,prinplup,water,water,True,4,405,False,False,False,True,64,66,68,81,76,50
395,empoleon,empoleon,water,steel,False,4,530,False,True,False,True,84,86,88,111,101,60
396,starly,starly,normal,flying,False,4,245,False,False,False,True,40,55,30,30,30,60
397,staravia,staravia,normal,flying,False,4,340,False,False,False,True,55,75,50,40,40,80
398,staraptor,staraptor,normal,flying,False,4,485,False,True,False,True,85,120,70,50,60,100
399,bidoof,bidoof,normal,normal,True,4,250,False,False,False,True,59,45,40,35,40,31
400,bibarel,bibarel,normal,water,False,4,410,False,True,False,True,79,85,60,55,60,71
401,kricketot,kricketot,bug,bug,True,4,194,False,False,False,True,37,25,41,25,41,25
402,kricketune,kricketune,bug,bug,True,4,384,False,True,False,True,77,85,51,55,51,65
403,shinx,shinx,electric,electric,True,4,263,False,False,False,True,45,65,34,40,34,45
404,luxio,luxio,electric,electric,True,4,363,False,False,False,True,60,85,49,60,49,60
405,luxray,luxray,electric,electric,True,4,523,False,True,False,True,80,120,79,95,79,70
406,budew,budew,grass,poison,False,4,280,False,False,False,True,40,30,35,50,70,55
407,roserade,roserade,grass,poison,False,4,515,False,True,False,True,60,70,65,125,105,90
408,cranidos,cranidos,rock,rock,True,4,350,False,False,False,True,67,125,40,30,30,58
409,rampardos,rampardos,rock,rock,True,4,495,False,True,False,True,97,165,60,65,50,58
410,shieldon,shieldon,rock,steel,False,4,350,False,False,False,True,30,42,118,42,88,30
411,bastiodon,bastiodon,rock,steel,False,4,495,False,True,False,True,60,52,168,47,138,30
412,burmy,burmy,bug,bug,True,4,224,False,False,False,True,40,29,45,29,45,36
413,wormadam-plant,wormadam,bug,grass,False,4,424,False,True,False,True,60,59,85,79,105,36
414,mothim,mothim,bug,flying,False,4,424,False,True,False,True,70,94,50,94,50,66
415,combee,combee,bug,flying,False,4,244,False,False,False,True,30,30,42,30,42,70
416,vespiquen,vespiquen,bug,flying,False,4,474,False,True,False,True,70,80,102,80,102,40
417,pachirisu,pachirisu,electric,electric,True,4,405,False,True,False,True,60,45,70,45,90,95
418,buizel,buizel,water,water,True,4,330,False,False,False,True,55,65,35,60,30,85
419,floatzel,floatzel,water,water,True,4,495,False,True,False,True,85,105,55,85,50,115
420,cherubi,cherubi,grass,grass,True,4,275,False,False,False,True,45,35,45,62,53,35
421,cherrim,cherrim,grass,grass,True,4,450,False,True,False,True,70,60,70,87,78,85
422,shellos,shellos,water,water,True,4,325,False,False,False,True,76,48,48,57,62,34
423,gastrodon,gastrodon,water,ground,False,4,475,False,True,False,True,111,83,68,92,82,39
424,ambipom,ambipom,normal,normal,True,4,482,False,True,False,True,75,100,66,60,66,115
425,drifloon,drifloon,ghost,flying,False,4,348,False,False,False,True,90,50,34,60,44,70
426,drifblim,drifblim,ghost,flying,False,4,498,False,True,False,True,150,80,44,90,54,80
427,buneary,buneary,normal,normal,True,4,350,False,False,False,True,55,66,44,44,56,85
428,lopunny,lopunny,normal,normal,True,4,480,False,True,False,True,65,76,84,54,96,105
429,mismagius,mismagius,ghost,ghost,True,4,495,False,True,False,True,60,60,60,105,105,105
430,honchkrow,honchkrow,dark,flying,False,4,505,False,True,False,True,100,125,52,105,52,71
431,glameow,glameow,normal,normal,True,4,310,False,False,False,True,49,55,42,42,37,85
432,purugly,purugly,normal,normal,True,4,452,False,True,False,True,71,82,64,64,59,112
433,chingling,chingling,psychic,psychic,True,4,285,False,False,False,True,45,30,50,65,50,45
434,stunky,stunky,poison,dark,False,4,329,False,False,False,True,63,63,47,41,41,74
435,skuntank,skuntank,poison,dark,False,4,479,False,True,False,True,103,93,67,71,61,84
436,bronzor,bronzor,steel,psychic,False,4,300,False,False,False,True,57,24,86,24,86,23
437,bronzong,bronzong,steel,psychic,False,4,500,False,True,False,True,67,89,116,79,116,33
438,bonsly,bonsly,rock,rock,True,4,290,False,False,False,True,50,80,95,10,45,10
439,mime-jr,mime-jr,psychic,fairy,False,4,310,False,False,False,True,20,25,45,70,90,60
440,happiny,happiny,normal,normal,True,4,220,False,False,False,True,100,5,5,15,65,30
441,chatot,chatot,normal,flying,False,4,411,False,True,False,True,76,65,45,92,42,91
442,spiritomb,spiritomb,ghost,dark,False,4,485,False,True,False,True,50,92,108,92,108,35
443,gible,gible,dragon,ground,False,4,300,False,False,False,True,58,70,45,40,45,42
444,gabite,gabite,dragon,ground,False,4,410,False,False,False,True,68,90,65,50,55,82
445,garchomp,garchomp,dragon,ground,False,4,600,False,True,False,True,108,130,95,80,85,102
446,munchlax,munchlax,normal,normal,True,4,390,False,False,False,True,135,85,40,40,85,5
447,riolu,riolu,fighting,fighting,True,4,285,False,False,False,True,40,70,40,35,40,60
448,lucario,lucario,fighting,steel,False,4,525,False,True,False,True,70,110,70,115,70,90
449,hippopotas,hippopotas,ground,ground,True,4,330,False,False,False,True,68,72,78,38,42,32
450,hippowdon,hippowdon,ground,ground,True,4,525,False,True,False,True,108,112,118,68,72,47
451,skorupi,skorupi,poison,bug,False,4,330,False,False,False,True,40,50,90,30,55,65
452,drapion,drapion,poison,dark,False,4,500,False,True,False,True,70,90,110,60,75,95
453,croagunk,croagunk,poison,fighting,False,4,300,False,False,False,True,48,61,40,61,40,50
454,toxicroak,toxicroak,poison,fighting,False,4,490,False,True,False,True,83,106,65,86,65,85
455,carnivine,carnivine,grass,grass,True,4,454,False,True,False,True,74,100,72,90,72,46
456,finneon,finneon,water,water,True,4,330,False,False,False,True,49,49,56,49,61,66
457,lumineon,lumineon,water,water,True,4,460,False,True,False,True,69,69,76,69,86,91
458,mantyke,mantyke,water,flying,False,4,345,False,False,False,True,45,20,50,60,120,50
459,snover,snover,grass,ice,False,4,334,False,False,False,True,60,62,50,62,60,40
460,abomasnow,abomasnow,grass,ice,False,4,494,False,True,False,True,90,92,75,92,85,60
461,weavile,weavile,dark,ice,False,4,510,False,True,False,True,70,120,65,45,85,125
462,magnezone,magnezone,electric,steel,False,4,535,False,True,False,True,70,70,115,130,90,60
463,lickilicky,lickilicky,normal,normal,True,4,515,False,True,False,True,110,85,95,80,95,50
464,rhyperior,rhyperior,ground,rock,False,4,535,False,True,False,True,115,140,130,55,55,40
465,tangrowth,tangrowth,grass,grass,True,4,535,False,True,False,True,100,100,125,110,50,50
466,electivire,electivire,electric,electric,True,4,540,False,True,False,True,75,123,67,95,85,95
467,magmortar,magmortar,fire,fire,True,4,540,False,True,False,True,75,95,67,125,95,83
468,togekiss,togekiss,fairy,flying,False,4,545,False,True,False,True,85,50,95,120,115,80
469,yanmega,yanmega,bug,flying,False,4,515,False,True,False,True,86,76,86,116,56,95
470,leafeon,leafeon,grass,grass,True,4,525,False,True,False,True,65,110,130,60,65,95
471,glaceon,glaceon,ice,ice,True,4,525,False,True,False,True,65,60,110,130,95,65
472,gliscor,gliscor,ground,flying,False,4,510,False,True,False,True,75,95,125,45,75,95
473,mamoswine,mamoswine,ice,ground,False,4,530,False,True,False,True,110,130,80,70,60,80
474,porygon-z,porygon-z,normal,normal,True,4,535,False,True,False,True,85,80,70,135,75,90
475,gallade,gallade,psychic,fighting,False,4,518,False,True,False,True,68,125,65,65,115,80
476,probopass,probopass,rock,steel,False,4,525,False,True,False,True,60,55,145,75,150,40
477,dusknoir,dusknoir,ghost,ghost,True,4,525,False,True,False,True,45,100,135,65,135,45
478,froslass,froslass,ice,ghost,False,4,480,False,True,False,True,70,80,70,80,70,110
479,rotom,rotom,electric,ghost,False,4,440,False,True,False,True,50,50,77,95,77,91
480,uxie,uxie,psychic,psychic,True,4,580,True,True,False,True,75,75,130,75,130,95
481,mesprit,mesprit,psychic,psychic,True,4,580,True,True,False,True,80,105,105,105,105,80
482,azelf,azelf,psychic,psychic,True,4,580,True,True,False,True,75,125,70,125,70,115
483,dialga,dialga,steel,dragon,False,4,680,True,True,False,True,100,120,120,150,100,90
484,palkia,palkia,water,dragon,False,4,680,True,True,False,True,90,120,100,150,120,100
485,heatran,heatran,fire,steel,False,4,600,True,True,False,True,91,90,106,130,106,77
486,regigigas,regigigas,normal,normal,True,4,670,True,True,False,True,110,160,110,80,110,100
487,giratina-altered,giratina,ghost,dragon,False,4,680,True,True,False,True,150,100,120,100,120,90
488,cresselia,cresselia,psychic,psychic,True,4,580,True,True,False,True,120,70,110,75,120,85
489,phione,phione,water,water,True,4,480,False,False,False,True,80,80,80,80,80,80
490,manaphy,manaphy,water,water,True,4,600,False,True,False,True,100,100,100,100,100,100
491,darkrai,darkrai,dark,dark,True,4,600,False,True,False,True,70,90,90,135,90,125
492,shaymin-land,shaymin,grass,grass,True,4,600,False,True,False,True,100,100,100,100,100,100
493,arceus,arceus,normal,normal,True,4,720,False,True,False,True,120,120,120,120,120,120
494,victini,victini,psychic,fire,False,5,600,False,True,False,True,100,100,100,100,100,100
495,snivy,snivy,grass,grass,True,5,308,False,False,False,True,45,45,55,45,55,63
496,servine,servine,grass,grass,True,5,413,False,False,False,True,60,60,75,60,75,83
497,serperior,serperior,grass,grass,True,5,528,False,True,False,True,75,75,95,75,95,113
498,tepig,tepig,fire,fire,True,5,308,False,False,False,True,65,63,45,45,45,45
499,pignite,pignite,fire,fighting,False,5,418,False,False,False,True,90,93,55,70,55,55
500,emboar,emboar,fire,fighting,False,5,528,False,True,False,True,110,123,65,100,65,65
501,oshawott,oshawott,water,water,True,5,308,False,False,False,True,55,55,45,63,45,45
502,dewott,dewott,water,water,True,5,413,False,False,False,True,75,75,60,83,60,60
503,samurott,samurott,water,water,True,5,528,False,True,False,True,95,100,85,108,70,70
504,patrat,patrat,normal,normal,True,5,255,False,False,False,True,45,55,39,35,39,42
505,watchog,watchog,normal,normal,True,5,420,False,True,False,True,60,85,69,60,69,77
506,lillipup,lillipup,normal,normal,True,5,275,False,False,False,True,45,60,45,25,45,55
507,herdier,herdier,normal,normal,True,5,370,False,False,False,True,65,80,65,35,65,60
508,stoutland,stoutland,normal,normal,True,5,500,False,True,False,True,85,110,90,45,90,80
509,purrloin,purrloin,dark,dark,True,5,281,False,False,False,True,41,50,37,50,37,66
510,liepard,liepard,dark,dark,True,5,446,False,True,False,True,64,88,50,88,50,106
511,pansage,pansage,grass,grass,True,5,316,False,False,False,True,50,53,48,53,48,64
512,simisage,simisage,grass,grass,True,5,498,False,True,False,True,75,98,63,98,63,101
513,pansear,pansear,fire,fire,True,5,316,False,False,False,True,50,53,48,53,48,64
514,simisear,simisear,fire,fire,True,5,498,False,True,False,True,75,98,63,98,63,101
515,panpour,panpour,water,water,True,5,316,False,False,False,True,50,53,48,53,48,64
516,simipour,simipour,water,water,True,5,498,False,True,False,True,75,98,63,98,63,101
517,munna,munna,psychic,psychic,True,5,292,False,False,False,True,76,25,45,67,55,24
518,musharna,musharna,psychic,psychic,True,5,487,False,True,False,True,116,55,85,107,95,29
519,pidove,pidove,normal,flying,False,5,264,False,False,False,True,50,55,50,36,30,43
520,tranquill,tranquill,normal,flying,False,5,358,False,False,False,True,62,77,62,50,42,65
521,unfezant,unfezant,normal,flying,False,5,488,False,True,False,True,80,115,80,65,55,93
522,blitzle,blitzle,electric,electric,True,5,295,False,False,False,True,45,60,32,50,32,76
523,zebstrika,zebstrika,electric,electric,True,5,497,False,True,False,True,75,100,63,80,63,116
524,roggenrola,roggenrola,rock,rock,True,5,280,False,False,False,True,55,75,85,25,25,15
525,boldore,boldore,rock,rock,True,5,390,False,False,False,True,70,105,105,50,40,20
526,gigalith,gigalith,rock,rock,True,5,515,False,True,False,True,85,135,130,60,80,25
527,woobat,woobat,psychic,flying,False,5,323,False,False,False,True,65,45,43,55,43,72
528,swoobat,swoobat,psychic,flying,False,5,425,False,True,False,True,67,57,55,77,55,114
529,drilbur,drilbur,ground,ground,True,5,328,False,False,False,True,60,85,40,30,45,68
530,excadrill,excadrill,ground,steel,False,5,508,False,True,False,True,110,135,60,50,65,88
531,audino,audino,normal,normal,True,5,445,False,True,False,True,103,60,86,60,86,50
532,timburr,timburr,fighting,fighting,True,5,305,False,False,False,True,75,80,55,25,35,35
533,gurdurr,gurdurr,fighting,fighting,True,5,405,False,False,False,True,85,105,85,40,50,40
534,conkeldurr,conkeldurr,fighting,fighting,True,5,505,False,True,False,True,105,140,95,55,65,45
535,tympole,tympole,water,water,True,5,294,False,False,False,True,50,50,40,50,40,64
536,palpitoad,palpitoad,water,ground,False,5,384,False,False,False,True,75,65,55,65,55,69
537,seismitoad,seismitoad,water,ground,False,5,509,False,True,False,True,105,95,75,85,75,74
538,throh,throh,fighting,fighting,True,5,465,False,True,False,True,120,100,85,30,85,45
539,sawk,sawk,fighting,fighting,True,5,465,False,True,False,True,75,125,75,30,75,85
540,sewaddle,sewaddle,bug,grass,False,5,310,False,False,False,True,45,53,70,40,60,42
541,swadloon,swadloon,bug,grass,False,5,380,False,False,False,True,55,63,90,50,80,42
542,leavanny,leavanny,bug,grass,False,5,500,False,True,False,True,75,103,80,70,80,92
543,venipede,venipede,bug,poison,False,5,260,False,False,False,True,30,45,59,30,39,57
544,whirlipede,whirlipede,bug,poison,False,5,360,False,False,False,True,40,55,99,40,79,47
545,scolipede,scolipede,bug,poison,False,5,485,False,True,False,True,60,100,89,55,69,112
546,cottonee,cottonee,grass,fairy,False,5,280,False,False,False,True,40,27,60,37,50,66
547,whimsicott,whimsicott,grass,fairy,False,5,480,False,True,False,True,60,67,85,77,75,116
548,petilil,petilil,grass,grass,True,5,280,False,False,False,True,45,35,50,70,50,30
549,lilligant,lilligant,grass,grass,True,5,480,False,True,False,True,70,60,75,110,75,90
550,basculin-red-striped,basculin,water,water,True,5,460,False,False,False,True,70,92,65,80,55,98
551,sandile,sandile,ground,dark,False,5,292,False,False,False,True,50,72,35,35,35,65
552,krokorok,krokorok,ground,dark,False,5,351,False,False,False,True,60,82,45,45,45,74
553,krookodile,krookodile,ground,dark,False,5,519,False,True,False,True,95,117,80,65,70,92
554,darumaka,darumaka,fire,fire,True,5,315,False,False,False,True,70,90,45,15,45,50
555,darmanitan-standard,darmanitan,fire,fire,True,5,480,False,True,False,True,105,140,55,30,55,95
556,maractus,maractus,grass,grass,True,5,461,False,True,False,True,75,86,67,106,67,60
557,dwebble,dwebble,bug,rock,False,5,325,False,False,False,True,50,65,85,35,35,55
558,crustle,crustle,bug,rock,False,5,485,False,True,False,True,70,105,125,65,75,45
559,scraggy,scraggy,dark,fighting,False,5,348,False,False,False,True,50,75,70,35,70,48
560,scrafty,scrafty,dark,fighting,False,5,488,False,True,False,True,65,90,115,45,115,58
561,sigilyph,sigilyph,psychic,flying,False,5,490,False,True,False,True,72,58,80,103,80,97
562,yamask,yamask,ghost,ghost,True,5,303,False,False,False,True,38,30,85,55,65,30
563,cofagrigus,cofagrigus,ghost,ghost,True,5,483,False,True,False,True,58,50,145,95,105,30
564,tirtouga,tirtouga,water,rock,False,5,355,False,False,False,True,54,78,103,53,45,22
565,carracosta,carracosta,water,rock,False,5,495,False,True,False,True,74,108,133,83,65,32
566,archen,archen,rock,flying,False,5,401,False,False,False,True,55,112,45,74,45,70
567,archeops,archeops,rock,flying,False,5,567,False,True,False,True,75,140,65,112,65,110
568,trubbish,trubbish,poison,poison,True,5,329,False,False,False,True,50,50,62,40,62,65
569,garbodor,garbodor,poison,poison,True,5,474,False,True,False,True,80,95,82,60,82,75
570,zorua,zorua,dark,dark,True,5,330,False,False,False,True,40,65,40,80,40,65
571,zoroark,zoroark,dark,dark,True,5,510,False,True,False,True,60,105,60,120,60,105
572,minccino,minccino,normal,normal,True,5,300,False,False,False,True,55,50,40,40,40,75
573,cinccino,cinccino,normal,normal,True,5,470,False,True,False,True,75,95,60,65,60,115
574,gothita,gothita,psychic,psychic,True,5,290,False,False,False,True,45,30,50,55,65,45
575,gothorita,gothorita,psychic,psychic,True,5,390,False,False,False,True,60,45,70,75,85,55
576,gothitelle,gothitelle,psychic,psychic,True,5,490,False,True,False,True,70,55,95,95,110,65
577,solosis,solosis,psychic,psychic,True,5,290,False,False,False,True,45,30,40,105,50,20
578,duosion,duosion,psychic,psychic,True,5,370,False,False,False,True,65,40,50,125,60,30
579,reuniclus,reuniclus,psychic,psychic,True,5,490,False,True,False,True,110,65,75,125,85,30
580,ducklett,ducklett,water,flying,False,5,305,False,False,False,True,62,44,50,44,50,55
581,swanna,swanna,water,flying,False,5,473,False,True,False,True,75,87,63,87,63,98
582,vanillite,vanillite,ice,ice,True,5,305,False,False,False,True,36,50,50,65,60,44
583,vanillish,vanillish,ice,ice,True,5,395,False,False,False,True,51,65,65,80,75,59
584,vanilluxe,vanilluxe,ice,ice,True,5,535,False,True,False,True,71,95,85,110,95,79
585,deerling,deerling,normal,grass,False,5,335,False,False,False,True,60,60,50,40,50,75
586,sawsbuck,sawsbuck,normal,grass,False,5,475,False,True,False,True,80,100,70,60,70,95
587,emolga,emolga,electric,flying,False,5,428,False,True,False,True,55,75,60,75,60,103
588,karrablast,karrablast,bug,bug,True,5,315,False,False,False,True,50,75,45,40,45,60
589,escavalier,escavalier,bug,steel,False,5,495,False,True,False,True,70,135,105,60,105,20
590,foongus,foongus,grass,poison,False,5,294,False,False,False,True,69,55,45,55,55,15
591,amoonguss,amoonguss,grass,poison,False,5,464,False,True,False,True,114,85,70,85,80,30
592,frillish,frillish,water,ghost,False,5,335,False,False,False,True,55,40,50,65,85,40
593,jellicent,jellicent,water,ghost,False,5,480,False,True,False,True,100,60,70,85,105,60
594,alomomola,alomomola,water,water,True,5,470,False,True,False,True,165,75,80,40,45,65
595,joltik,joltik,bug,electric,False,5,319,False,False,False,True,50,47,50,57,50,65
596,galvantula,galvantula,bug,electric,False,5,472,False,True,False,True,70,77,60,97,60,108
597,ferroseed,ferroseed,grass,steel,False,5,305,False,False,False,True,44,50,91,24,86,10
598,ferrothorn,ferrothorn,grass,steel,False,5,489,False,True,False,True,74,94,131,54,116,20
599,klink,klink,steel,steel,True,5,300,False,False,False,True,40,55,70,45,60,30
600,klang,klang,steel,steel,True,5,440,False,False,False,True,60,80,95,70,85,50
601,klinklang,klinklang,steel,steel,True,5,520,False,True,False,True,60,100,115,70,85,90
602,tynamo,tynamo,electric,electric,True,5,275,False,False,False,True,35,55,40,45,40,60
603,eelektrik,eelektrik,electric,electric,True,5,405,False,False,False,True,65,85,70,75,70,40
604,eelektross,eelektross,electric,electric,True,5,515,False,True,False,True,85,115,80,105,80,50
605,elgyem,elgyem,psychic,psychic,True,5,335,False,False,False,True,55,55,55,85,55,30
606,beheeyem,beheeyem,psychic,psychic,True,5,485,False,True,False,True,75,75,75,125,95,40
607,litwick,litwick,ghost,fire,False,5,275,False,False,False,True,50,30,55,65,55,20
608,lampent,lampent,ghost,fire,False,5,370,False,False,False,True,60,40,60,95,60,55
609,chandelure,chandelure,ghost,fire,False,5,520,False,True,False,True,60,55,90,145,90,80
610,axew,axew,dragon,dragon,True,5,320,False,False,False,True,46,87,60,30,40,57
611,fraxure,fraxure,dragon,dragon,True,5,410,False,False,False,True,66,117,70,40,50,67
612,haxorus,haxorus,dragon,dragon,True,5,540,False,True,False,True,76,147,90,60,70,97
613,cubchoo,cubchoo,ice,ice,True,5,305,False,False,False,True,55,70,40,60,40,40
614,beartic,beartic,ice,ice,True,5,505,False,True,False,True,95,130,80,70,80,50
615,cryogonal,cryogonal,ice,ice,True,5,515,False,True,False,True,80,50,50,95,135,105
616,shelmet,shelmet,bug,bug,True,5,305,False,False,False,True,50,40,85,40,65,25
617,accelgor,accelgor,bug,bug,True,5,495,False,True,False,True,80,70,40,100,60,145
618,stunfisk,stunfisk,ground,electric,False,5,471,False,True,False,True,109,66,84,81,99,32
619,mienfoo,mienfoo,fighting,fighting,True,5,350,False,False,False,True,45,85,50,55,50,65
620,mienshao,mienshao,fighting,fighting,True,5,510,False,True,False,True,65,125,60,95,60,105
621,druddigon,druddigon,dragon,dragon,True,5,485,False,True,False,True,77,120,90,60,90,48
622,golett,golett,ground,ghost,False,5,303,False,False,False,True,59,74,50,35,50,35
623,golurk,golurk,ground,ghost,False,5,483,False,True,False,True,89,124,80,55,80,55
624,pawniard,pawniard,dark,steel,False,5,340,False,False,False,True,45,85,70,40,40,60
625,bisharp,bisharp,dark,steel,False,5,490,False,False,False,True,65,125,100,60,70,70
626,bouffalant,bouffalant,normal,normal,True,5,490,False,True,False,True,95,110,95,40,95,55
627,rufflet,rufflet,normal,flying,False,5,350,False,False,False,True,70,83,50,37,50,60
628,braviary,braviary,normal,flying,False,5,510,False,True,False,True,100,123,75,57,75,80
629,vullaby,vullaby,dark,flying,False,5,370,False,False,False,True,70,55,75,45,65,60
630,mandibuzz,mandibuzz,dark,flying,False,5,510,False,True,False,True,110,65,105,55,95,80
631,heatmor,heatmor,fire,fire,True,5,484,False,True,False,True,85,97,66,105,66,65
632,durant,durant,bug,steel,False,5,484,False,True,False,True,58,109,112,48,48,109
633,deino,deino,dark,dragon,False,5,300,False,False,False,True,52,65,50,45,50,38
634,zweilous,zweilous,dark,dragon,False,5,420,False,False,False,True,72,85,70,65,70,58
635,hydreigon,hydreigon,dark,dragon,False,5,600,False,True,False,True,92,105,90,125,90,98
636,larvesta,larvesta,bug,fire,False,5,360,False,False,False,True,55,85,55,50,55,60
637,volcarona,volcarona,bug,fire,False,5,550,False,True,False,True,85,60,65,135,105,100
638,cobalion,cobalion,steel,fighting,False,5,580,True,True,False,True,91,90,129,90,72,108
639,terrakion,terrakion,rock,fighting,False,5,580,True,True,False,True,91,129,90,72,90,108
640,virizion,virizion,grass,fighting,False,5,580,True,True,False,True,91,90,72,90,129,108
641,tornadus-incarnate,tornadus,flying,flying,True,5,580,True,True,False,True,79,115,70,125,80,111
642,thundurus-incarnate,thundurus,electric,flying,False,5,580,True,True,False,True,79,115,70,125,80,111
643,reshiram,reshiram,dragon,fire,False,5,680,True,True,False,True,100,120,100,150,120,90
644,zekrom,zekrom,dragon,electric,False,5,680,True,True,False,True,100,150,120,120,100,90
645,landorus-incarnate,landorus,ground,flying,False,5,600,True,True,False,True,89,125,90,115,80,101
646,kyurem,kyurem,dragon,ice,False,5,660,True,True,False,True,125,130,90,130,90,95
647,keldeo-ordinary,keldeo,water,fighting,False,5,580,False,True,False,True,91,72,90,129,90,108
648,meloetta-aria,meloetta,normal,psychic,False,5,600,False,True,False,True,100,77,77,128,128,90
649,genesect,genesect,bug,steel,False,5,600,False,True,False,True,71,120,95,120,95,99
650,chespin,chespin,grass,grass,True,6,313,False,False,False,True,56,61,65,48,45,38
651,quilladin,quilladin,grass,grass,True,6,405,False,False,False,True,61,78,95,56,58,57
652,chesnaught,chesnaught,grass,fighting,False,6,530,False,True,False,True,88,107,122,74,75,64
653,fennekin,fennekin,fire,fire,True,6,307,False,False,False,True,40,45,40,62,60,60
654,braixen,braixen,fire,fire,True,6,409,False,False,False,True,59,59,58,90,70,73
655,delphox,delphox,fire,psychic,False,6,534,False,True,False,True,75,69,72,114,100,104
656,froakie,froakie,water,water,True,6,314,False,False,False,True,41,56,40,62,44,71
657,frogadier,frogadier,water,water,True,6,405,False,False,False,True,54,63,52,83,56,97
658,greninja,greninja,water,dark,False,6,530,False,True,False,True,72,95,67,103,71,122
659,bunnelby,bunnelby,normal,normal,True,6,237,False,False,False,True,38,36,38,32,36,57
660,diggersby,diggersby,normal,ground,False,6,423,False,True,False,True,85,56,77,50,77,78
661,fletchling,fletchling,normal,flying,False,6,278,False,False,False,True,45,50,43,40,38,62
662,fletchinder,fletchinder,fire,flying,False,6,382,False,False,False,True,62,73,55,56,52,84
663,talonflame,talonflame,fire,flying,False,6,499,False,True,False,True,78,81,71,74,69,126
664,scatterbug,scatterbug,bug,bug,True,6,200,False,False,False,True,38,35,40,27,25,35
665,spewpa,spewpa,bug,bug,True,6,213,False,False,False,True,45,22,60,27,30,29
666,vivillon,vivillon,bug,flying,False,6,411,False,True,False,True,80,52,50,90,50,89
667,litleo,litleo,fire,normal,False,6,369,False,False,False,True,62,50,58,73,54,72
668,pyroar,pyroar,fire,normal,False,6,507,False,True,False,True,86,68,72,109,66,106
669,flabebe,flabebe,fairy,fairy,True,6,303,False,False,False,True,44,38,39,61,79,42
670,floette,floette,fairy,fairy,True,6,371,False,False,False,True,54,45,47,75,98,52
671,florges,florges,fairy,fairy,True,6,552,False,True,False,True,78,65,68,112,154,75
672,skiddo,skiddo,grass,grass,True,6,350,False,False,False,True,66,65,48,62,57,52
673,gogoat,gogoat,grass,grass,True,6,531,False,True,False,True,123,100,62,97,81,68
674,pancham,pancham,fighting,fighting,True,6,348,False,False,False,True,67,82,62,46,48,43
675,pangoro,pangoro,fighting,dark,False,6,495,False,True,False,True,95,124,78,69,71,58
676,furfrou,furfrou,normal,normal,True,6,472,False,True,False,True,75,80,60,65,90,102
677,espurr,espurr,psychic,psychic,True,6,355,False,False,False,True,62,48,54,63,60,68
678,meowstic-male,meowstic,psychic,psychic,True,6,466,False,True,False,True,74,48,76,83,81,104
679,honedge,honedge,steel,ghost,False,6,325,False,False,False,True,45,80,100,35,37,28
680,doublade,doublade,steel,ghost,False,6,448,False,False,False,True,59,110,150,45,49,35
681,aegislash-shield,aegislash,steel,ghost,False,6,500,False,True,False,True,60,50,140,50,140,60
682,spritzee,spritzee,fairy,fairy,True,6,341,False,False,False,True,78,52,60,63,65,23
683,aromatisse,aromatisse,fairy,fairy,True,6,462,False,True,False,True,101,72,72,99,89,29
684,swirlix,swirlix,fairy,fairy,True,6,341,False,False,False,True,62,48,66,59,57,49
685,slurpuff,slurpuff,fairy,fairy,True,6,480,False,True,False,True,82,80,86,85,75,72
686,inkay,inkay,dark,psychic,False,6,288,False,False,False,True,53,54,53,37,46,45
687,malamar,malamar,dark,psychic,False,6,482,False,True,False,True,86,92,88,68,75,73
688,binacle,binacle,rock,water,False,6,306,False,False,False,True,42,52,67,39,56,50
689,barbaracle,barbaracle,rock,water,False,6,500,False,True,False,True,72,105,115,54,86,68
690,skrelp,skrelp,poison,water,False,6,320,False,False,False,True,50,60,60,60,60,30
691,dragalge,dragalge,poison,dragon,False,6,494,False,True,False,True,65,75,90,97,123,44
692,clauncher,clauncher,water,water,True,6,330,False,False,False,True,50,53,62,58,63,44
693,clawitzer,clawitzer,water,water,True,6,500,False,True,False,True,71,73,88,120,89,59
694,helioptile,helioptile,electric,normal,False,6,289,False,False,False,True,44,38,33,61,43,70
695,heliolisk,heliolisk,electric,normal,False,6,481,False,True,False,True,62,55,52,109,94,109
696,tyrunt,tyrunt,rock,dragon,False,6,362,False,False,False,True,58,89,77,45,45,48
697,tyrantrum,tyrantrum,rock,dragon,False,6,521,False,True,False,True,82,121,119,69,59,71
698,amaura,amaura,rock,ice,False,6,362,False,False,False,True,77,59,50,67,63,46
699,aurorus,aurorus,rock,ice,False,6,521,False,True,False,True,123,77,72,99,92,58
700,sylveon,sylveon,fairy,fairy,True,6,525,False,True,False,True,95,65,65,110,130,60
701,hawlucha,hawlucha,fighting,flying,False,6,500,False,True,False,True,78,92,75,74,63,118
702,dedenne,dedenne,electric,fairy,False,6,431,False,True,False,True,67,58,57,81,67,101
703,carbink,carbink,rock,fairy,False,6,500,False,True,False,True,50,50,150,50,150,50
704,goomy,goomy,dragon,dragon,True,6,300,False,False,False,True,45,50,35,55,75,40
705,sliggoo,sliggoo,dragon,dragon,True,6,452,False,False,False,True,68,75,53,83,113,60
706,goodra,goodra,dragon,dragon,True,6,600,False,True,False,True,90,100,70,110,150,80
707,klefki,klefki,steel,fairy,False,6,470,False,True,False,True,57,80,91,80,87,75
708,phantump,phantump,ghost,grass,False,6,309,False,False,False,True,43,70,48,50,60,38
709,trevenant,trevenant,ghost,grass,False,6,474,False,True,False,True,85,110,76,65,82,56
710,pumpkaboo-average,pumpkaboo,ghost,grass,False,6,335,False,False,False,True,49,66,70,44,55,51
711,gourgeist-average,gourgeist,ghost,grass,False,6,494,False,True,False,True,65,90,122,58,75,84
712,bergmite,bergmite,ice,ice,True,6,304,False,False,False,True,55,69,85,32,35,28
713,avalugg,avalugg,ice,ice,True,6,514,False,True,False,True,95,117,184,44,46,28
714,noibat,noibat,flying,dragon,False,6,245,False,False,False,True,40,30,35,45,40,55
715,noivern,noivern,flying,dragon,False,6,535,False,True,False,True,85,70,80,97,80,123
716,xerneas,xerneas,fairy,fairy,True,6,680,True,True,False,True,126,131,95,131,98,99
717,yveltal,yveltal,dark,flying,False,6,680,True,True,False,True,126,131,95,131,98,99
718,zygarde-50,zygarde,dragon,ground,False,6,600,True,True,False,True,108,100,121,81,95,95
719,diancie,diancie,rock,fairy,False,6,600,False,True,False,True,50,100,150,100,150,50
720,hoopa,hoopa,psychic,ghost,False,6,600,False,True,False,True,80,110,60,150,130,70
721,volcanion,volcanion,fire,water,False,6,600,False,True,False,True,80,110,120,130,90,70
722,rowlet,rowlet,grass,flying,False,7,320,False,False,False,True,68,55,55,50,50,42
723,dartrix,dartrix,grass,flying,False,7,420,False,False,False,True,78,75,75,70,70,52
724,decidueye,decidueye,grass,ghost,False,7,530,False,True,False,True,78,107,75,100,100,70
725,litten,litten,fire,fire,True,7,320,False,False,False,True,45,65,40,60,40,70
726,torracat,torracat,fire,fire,True,7,420,False,False,False,True,65,85,50,80,50,90
727,incineroar,incineroar,fire,dark,False,7,530,False,True,False,True,95,115,90,80,90,60
728,popplio,popplio,water,water,True,7,320,False,False,False,True,50,54,54,66,56,40
729,brionne,brionne,water,water,True,7,420,False,False,False,True,60,69,69,91,81,50
730,primarina,primarina,water,fairy,False,7,530,False,True,False,True,80,74,74,126,116,60
731,pikipek,pikipek,normal,flying,False,7,265,False,False,False,True,35,75,30,30,30,65
732,trumbeak,trumbeak,normal,flying,False,7,355,False,False,False,True,55,85,50,40,50,75
733,toucannon,toucannon,normal,flying,False,7,485,False,True,False,True,80,120,75,75,75,60
734,yungoos,yungoos,normal,normal,True,7,253,False,False,False,True,48,70,30,30,30,45
735,gumshoos,gumshoos,normal,normal,True,7,418,False,True,False,True,88,110,60,55,60,45
736,grubbin,grubbin,bug,bug,True,7,300,False,False,False,True,47,62,45,55,45,46
737,charjabug,charjabug,bug,electric,False,7,400,False,False,False,True,57,82,95,55,75,36
738,vikavolt,vikavolt,bug,electric,False,7,500,False,True,False,True,77,70,90,145,75,43
739,crabrawler,crabrawler,fighting,fighting,True,7,338,False,False,False,True,47,82,57,42,47,63
740,crabominable,crabominable,fighting,ice,False,7,478,False,True,False,True,97,132,77,62,67,43
741,oricorio-baile,oricorio,fire,flying,False,7,476,False,True,False,True,75,70,70,98,70,93
742,cutiefly,cutiefly,bug,fairy,False,7,304,False,False,False,True,40,45,40,55,40,84
743,ribombee,ribombee,bug,fairy,False,7,464,False,True,False,True,60,55,60,95,70,124
744,rockruff,rockruff,rock,rock,True,7,280,False,False,False,True,45,65,40,30,40,60
745,lycanroc-midday,lycanroc,rock,rock,True,7,487,False,True,False,True,75,115,65,55,65,112
746,wishiwashi-solo,wishiwashi,water,water,True,7,175,False,True,False,True,45,20,20,25,25,40
747,mareanie,mareanie,poison,water,False,7,305,False,False,False,True,50,53,62,43,52,45
748,toxapex,toxapex,poison,water,False,7,495,False,True,False,True,50,63,152,53,142,35
749,mudbray,mudbray,ground,ground,True,7,385,False,False,False,True,70,100,70,45,55,45
750,mudsdale,mudsdale,ground,ground,True,7,500,False,True,False,True,100,125,100,55,85,35
751,dewpider,dewpider,water,bug,False,7,269,False,False,False,True,38,40,52,40,72,27
752,araquanid,araquanid,water,bug,False,7,454,False,True,False,True,68,70,92,50,132,42
753,fomantis,fomantis,grass,grass,True,7,250,False,False,False,True,40,55,35,50,35,35
754,lurantis,lurantis,grass,grass,True,7,480,False,True,False,True,70,105,90,80,90,45
755,morelull,morelull,grass,fairy,False,7,285,False,False,False,True,40,35,55,65,75,15
756,shiinotic,shiinotic,grass,fairy,False,7,405,False,True,False,True,60,45,80,90,100,30
757,salandit,salandit,poison,fire,False,7,320,False,False,False,True,48,44,40,71,40,77
758,salazzle,salazzle,poison,fire,False,7,480,False,True,False,True,68,64,60,111,60,117
759,stufful,stufful,normal,fighting,False,7,340,False,False,False,True,70,75,50,45,50,50
760,bewear,bewear,normal,fighting,False,7,500,False,True,False,True,120,125,80,55,60,60
761,bounsweet,bounsweet,grass,grass,True,7,210,False,False,False,True,42,30,38,30,38,32
762,steenee,steenee,grass,grass,True,7,290,False,False,False,True,52,40,48,40,48,62
763,tsareena,tsareena,grass,grass,True,7,510,False,True,False,True,72,120,98,50,98,72
764,comfey,comfey,fairy,fairy,True,7,485,False,True,False,True,51,52,90,82,110,100
765,oranguru,oranguru,normal,psychic,False,7,490,False,True,False,True,90,60,80,90,110,60
766,passimian,passimian,fighting,fighting,True,7,490,False,True,False,True,100,120,90,40,60,80
767,wimpod,wimpod,bug,water,False,7,230,False,False,False,True,25,35,40,20,30,80
768,golisopod,golisopod,bug,water,False,7,530,False,True,False,True,75,125,140,60,90,40
769,sandygast,sandygast,ghost,ground,False,7,320,False,False,False,True,55,55,80,70,45,15
770,palossand,palossand,ghost,ground,False,7,480,False,True,False,True,85,75,110,100,75,35
771,pyukumuku,pyukumuku,water,water,True,7,410,False,True,False,True,55,60,130,30,130,5
772,type-null,type-null,normal,normal,True,7,534,True,False,False,True,95,95,95,95,95,59
773,silvally,silvally,normal,normal,True,7,570,True,True,False,True,95,95,95,95,95,95
774,minior-red-meteor,minior,rock,flying,False,7,440,False,True,False,True,60,60,100,60,100,60
775,komala,komala,normal,normal,True,7,480,False,True,False,True,65,115,65,75,95,65
776,turtonator,turtonator,fire,dragon,False,7,485,False,True,False,True,60,78,135,91,85,36
777,togedemaru,togedemaru,electric,steel,False,7,435,False,True,False,True,65,98,63,40,73,96
778,mimikyu-disguised,mimikyu,ghost,fairy,False,7,476,False,True,False,True,55,90,80,50,105,96
779,bruxish,bruxish,water,psychic,False,7,475,False,True,False,True,68,105,70,70,70,92
780,drampa,drampa,normal,dragon,False,7,485,False,True,False,True,78,60,85,135,91,36
781,dhelmise,dhelmise,ghost,grass,False,7,517,False,True,False,True,70,131,100,86,90,40
782,jangmo-o,jangmo-o,dragon,dragon,True,7,300,False,False,False,True,45,55,65,45,45,45
783,hakamo-o,hakamo-o,dragon,fighting,False,7,420,False,False,False,True,55,75,90,65,70,65
784,kommo-o,kommo-o,dragon,fighting,False,7,600,False,True,False,True,75,110,125,100,105,85
785,tapu-koko,tapu-koko,electric,fairy,False,7,570,True,True,False,True,70,115,85,95,75,130
786,tapu-lele,tapu-lele,psychic,fairy,False,7,570,True,True,False,True,70,85,75,130,115,95
787,tapu-bulu,tapu-bulu,grass,fairy,False,7,570,True,True,False,True,70,130,115,85,95,75
788,tapu-fini,tapu-fini,water,fairy,False,7,570,True,True,False,True,70,75,115,95,130,85
789,cosmog,cosmog,psychic,psychic,True,7,200,True,False,False,True,43,29,31,29,31,37
790,cosmoem,cosmoem,psychic,psychic,True,7,400,True,False,False,True,43,29,131,29,131,37
791,solgaleo,solgaleo,psychic,steel,False,7,680,True,True,False,True,137,137,107,113,89,97
792,lunala,lunala,psychic,ghost,False,7,680,True,True,False,True,137,113,89,137,107,97
793,nihilego,nihilego,rock,poison,False,7,570,False,True,False,True,109,53,47,127,131,103
794,buzzwole,buzzwole,bug,fighting,False,7,570,False,True,False,True,107,139,139,53,53,79
795,pheromosa,pheromosa,bug,fighting,False,7,570,False,True,False,True,71,137,37,137,37,151
796,xurkitree,xurkitree,electric,electric,True,7,570,False,True,False,True,83,89,71,173,71,83
797,celesteela,celesteela,steel,flying,False,7,570,False,True,False,True,97,101,103,107,101,61
798,kartana,kartana,grass,steel,False,7,570,False,True,False,True,59,181,131,59,31,109
799,guzzlord,guzzlord,dark,dragon,False,7,570,False,True,False,True,223,101,53,97,53,43
800,necrozma,necrozma,psychic,psychic,True,7,600,True,True,False,True,97,107,101,127,89,79
801,magearna,magearna,steel,fairy,False,7,600,False,True,False,True,80,95,115,130,115,65
802,marshadow,marshadow,fighting,ghost,False,7,600,False,True,False,True,90,125,80,90,90,125
803,poipole,poipole,poison,poison,True,7,420,False,False,False,True,67,73,67,73,67,73
804,naganadel,naganadel,poison,dragon,False,7,540,False,True,False,True,73,73,73,127,73,121
805,stakataka,stakataka,rock,steel,False,7,570,False,True,False,True,61,131,211,53,101,13
806,blacephalon,blacephalon,fire,ghost,False,7,570,False,True,False,True,53,127,53,151,79,107
807,zeraora,zeraora,electric,electric,True,7,600,False,True,False,True,88,112,75,102,80,143
808,meltan,meltan,steel,steel,True,7,300,False,True,False,True,46,65,65,55,35,34
809,melmetal,melmetal,steel,steel,True,7,600,False,True,False,True,135,143,143,80,65,34
810,grookey,grookey,grass,grass,True,8,310,False,False,False,True,50,65,50,40,40,65
811,thwackey,thwackey,grass,grass,True,8,420,False,False,False,True,70,85,70,55,60,80
812,rillaboom,rillaboom,grass,grass,True,8,530,False,True,False,True,100,125,90,60,70,85
813,scorbunny,scorbunny,fire,fire,True,8,310,False,False,False,True,50,71,40,40,40,69
814,raboot,raboot,fire,fire,True,8,420,False,False,False,True,65,86,60,55,60,94
815,cinderace,cinderace,fire,fire,True,8,530,False,True,False,True,80,116,75,65,75,119
816,sobble,sobble,water,water,True,8,310,False,False,False,True,50,40,40,70,40,70
817,drizzile,drizzile,water,water,True,8,420,False,False,False,True,65,60,55,95,55,90
818,inteleon,inteleon,water,water,True,8,530,False,True,False,True,70,85,65,125,65,120
819,skwovet,skwovet,normal,normal,True,8,275,False,False,False,True,70,55,55,35,35,25
820,greedent,greedent,normal,normal,True,8,460,False,True,False,True,120,95,95,55,75,20
821,rookidee,rookidee,flying,flying,True,8,245,False,False,False,True,38,47,35,33,35,57
822,corvisquire,corvisquire,flying,flying,True,8,365,False,False,False,True,68,67,55,43,55,77
823,corviknight,corviknight,flying,steel,False,8,495,False,True,False,True,98,87,105,53,85,67
824,blipbug,blipbug,bug,bug,True,8,180,False,False,False,True,25,20,20,25,45,45
825,dottler,dottler,bug,psychic,False,8,335,False,False,False,True,50,35,80,50,90,30
826,orbeetle,orbeetle,bug,psychic,False,8,505,False,True,False,True,60,45,110,80,120,90
827,nickit,nickit,dark,dark,True,8,245,False,False,False,True,40,28,28,47,52,50
828,thievul,thievul,dark,dark,True,8,455,False,True,False,True,70,58,58,87,92,90
829,gossifleur,gossifleur,grass,grass,True,8,250,False,False,False,True,40,40,60,40,60,10
830,eldegoss,eldegoss,grass,grass,True,8,460,False,True,False,True,60,50,90,80,120,60
831,wooloo,wooloo,normal,normal,True,8,270,False,False,False,True,42,40,55,40,45,48
832,dubwool,dubwool,normal,normal,True,8,490,False,True,False,True,72,80,100,60,90,88
833,chewtle,chewtle,water,water,True,8,284,False,False,False,True,50,64,50,38,38,44
834,drednaw,drednaw,water,rock,False,8,485,False,True,False,True,90,115,90,48,68,74
835,yamper,yamper,electric,electric,True,8,270,False,False,False,True,59,45,50,40,50,26
836,boltund,boltund,electric,electric,True,8,490,False,True,False,True,69,90,60,90,60,121
837,rolycoly,rolycoly,rock,rock,True,8,240,False,False,False,True,30,40,50,40,50,30
838,carkol,carkol,rock,fire,False,8,410,False,False,False,True,80,60,90,60,70,50
839,coalossal,coalossal,rock,fire,False,8,510,False,True,False,True,110,80,120,80,90,30
840,applin,applin,grass,dragon,False,8,260,False,False,False,True,40,40,80,40,40,20
841,flapple,flapple,grass,dragon,False,8,485,False,True,False,True,70,110,80,95,60,70
842,appletun,appletun,grass,dragon,False,8,485,False,True,False,True,110,85,80,100,80,30
843,silicobra,silicobra,ground,ground,True,8,315,False,False,False,True,52,57,75,35,50,46
844,sandaconda,sandaconda,ground,ground,True,8,510,False,True,False,True,72,107,125,65,70,71
845,cramorant,cramorant,flying,water,False,8,475,False,True,False,True,70,85,55,85,95,85
846,arrokuda,arrokuda,water,water,True,8,280,False,False,False,True,41,63,40,40,30,66
847,barraskewda,barraskewda,water,water,True,8,490,False,True,False,True,61,123,60,60,50,136
848,toxel,toxel,electric,poison,False,8,242,False,False,False,True,40,38,35,54,35,40
849,toxtricity-amped,toxtricity,electric,poison,False,8,502,False,True,False,True,75,98,70,114,70,75
850,sizzlipede,sizzlipede,fire,bug,False,8,305,False,False,False,True,50,65,45,50,50,45
851,centiskorch,centiskorch,fire,bug,False,8,525,False,True,False,True,100,115,65,90,90,65
852,clobbopus,clobbopus,fighting,fighting,True,8,310,False,False,False,True,50,68,60,50,50,32
853,grapploct,grapploct,fighting,fighting,True,8,480,False,True,False,True,80,118,90,70,80,42
854,sinistea,sinistea,ghost,ghost,True,8,308,False,False,False,True,40,45,45,74,54,50
855,polteageist,polteageist,ghost,ghost,True,8,508,False,True,False,True,60,65,65,134,114,70
856,hatenna,hatenna,psychic,psychic,True,8,265,False,False,False,True,42,30,45,56,53,39
857,hattrem,hattrem,psychic,psychic,True,8,370,False,False,False,True,57,40,65,86,73,49
858,hatterene,hatterene,psychic,fairy,False,8,510,False,True,False,True,57,90,95,136,103,29
859,impidimp,impidimp,dark,fairy,False,8,265,False,False,False,True,45,45,30,55,40,50
860,morgrem,morgrem,dark,fairy,False,8,370,False,False,False,True,65,60,45,75,55,70
861,grimmsnarl,grimmsnarl,dark,fairy,False,8,510,False,True,False,True,95,120,65,95,75,60
862,obstagoon,obstagoon,dark,normal,False,8,520,False,True,False,True,93,90,101,60,81,95
863,perrserker,perrserker,steel,steel,True,8,440,False,True,False,True,70,110,100,50,60,50
864,cursola,cursola,ghost,ghost,True,8,510,False,True,False,True,60,95,50,145,130,30
865,sirfetchd,sirfetchd,fighting,fighting,True,8,507,False,True,False,True,62,135,95,68,82,65
866,mr-rime,mr-rime,ice,psychic,False,8,520,False,True,False,True,80,85,75,110,100,70
867,runerigus,runerigus,ground,ghost,False,8,483,False,True,False,True,58,95,145,50,105,30
868,milcery,milcery,fairy,fairy,True,8,270,False,False,False,True,45,40,40,50,61,34
869,alcremie,alcremie,fairy,fairy,True,8,495,False,True,False,True,65,60,75,110,121,64
870,falinks,falinks,fighting,fighting,True,8,470,False,True,False,True,65,100,100,70,60,75
871,pincurchin,pincurchin,electric,electric,True,8,435,False,True,False,True,48,101,95,91,85,15
872,snom,snom,ice,bug,False,8,185,False,False,False,True,30,25,35,45,30,20
873,frosmoth,frosmoth,ice,bug,False,8,475,False,True,False,True,70,65,60,125,90,65
874,stonjourner,stonjourner,rock,rock,True,8,470,False,True,False,True,100,125,135,20,20,70
875,eiscue-ice,eiscue,ice,ice,True,8,470,False,True,False,True,75,80,110,65,90,50
876,indeedee-male,indeedee,psychic,normal,False,8,475,False,True,False,True,60,65,55,105,95,95
877,morpeko-full-belly,morpeko,electric,dark,False,8,436,False,True,False,True,58,95,58,70,58,97
878,cufant,cufant,steel,steel,True,8,330,False,False,False,True,72,80,49,40,49,40
879,copperajah,copperajah,steel,steel,True,8,500,False,True,False,True,122,130,69,80,69,30
880,dracozolt,dracozolt,electric,dragon,False,8,505,False,True,False,True,90,100,90,80,70,75
881,arctozolt,arctozolt,electric,ice,False,8,505,False,True,False,True,90,100,90,90,80,55
882,dracovish,dracovish,water,dragon,False,8,505,False,True,False,True,90,90,100,70,80,75
883,arctovish,arctovish,water,ice,False,8,505,False,True,False,True,90,90,100,80,90,55
884,duraludon,duraludon,steel,dragon,False,8,535,False,False,False,True,70,95,115,120,50,85
885,dreepy,dreepy,dragon,ghost,False,8,270,False,False,False,True,28,60,30,40,30,82
886,drakloak,drakloak,dragon,ghost,False,8,410,False,False,False,True,68,80,50,60,50,102
887,dragapult,dragapult,dragon,ghost,False,8,600,False,True,False,True,88,120,75,100,75,142
888,zacian,zacian,fairy,fairy,True,8,660,True,True,False,True,92,120,115,80,115,138
889,zamazenta,zamazenta,fighting,fighting,True,8,660,True,True,False,True,92,120,115,80,115,138
890,eternatus,eternatus,poison,dragon,False,8,690,True,True,False,True,140,85,95,145,95,130
891,kubfu,kubfu,fighting,fighting,True,8,385,True,False,False,True,60,90,60,53,50,72
892,urshifu-single-strike,urshifu,fighting,dark,False,8,550,True,True,False,True,100,130,100,63,60,97
893,zarude,zarude,dark,grass,False,8,600,False,True,False,True,105,120,105,70,95,105
894,regieleki,regieleki,electric,electric,True,8,580,True,True,False,True,80,100,50,100,50,200
895,regidrago,regidrago,dragon,dragon,True,8,580,True,True,False,True,200,100,50,100,50,80
896,glastrier,glastrier,ice,ice,True,8,580,True,True,False,True,100,145,130,65,110,30
897,spectrier,spectrier,ghost,ghost,True,8,580,True,True,False,True,100,65,60,145,80,130
898,calyrex,calyrex,psychic,grass,False,8,500,True,True,False,True,100,80,80,80,80,80
899,wyrdeer,wyrdeer,normal,psychic,False,8,525,False,True,False,True,103,105,72,105,75,65
900,kleavor,kleavor,bug,rock,False,8,500,False,True,False,True,70,135,95,45,70,85
901,ursaluna,ursaluna,ground,normal,False,8,550,False,True,False,True,130,140,105,45,80,50
902,basculegion-male,basculegion,water,ghost,False,8,530,False,True,False,True,120,112,65,80,75,78
903,sneasler,sneasler,fighting,poison,False,8,510,False,True,False,True,80,130,60,40,80,120
904,overqwil,overqwil,dark,poison,False,8,510,False,True,False,True,85,115,95,65,65,85
905,enamorus-incarnate,enamorus,fairy,flying,False,8,580,True,True,False,True,74,115,70,135,80,106
906,sprigatito,sprigatito,grass,grass,True,9,310,False,False,False,True,40,61,54,45,45,65
907,floragato,floragato,grass,grass,True,9,410,False,False,False,True,61,80,63,60,63,83
908,meowscarada,meowscarada,grass,dark,False,9,530,False,True,False,True,76,110,70,81,70,123
909,fuecoco,fuecoco,fire,fire,True,9,310,False,False,False,True,67,45,59,63,40,36
910,crocalor,crocalor,fire,fire,True,9,411,False,False,False,True,81,55,78,90,58,49
911,skeledirge,skeledirge,fire,ghost,False,9,530,False,True,False,True,104,75,100,110,75,66
912,quaxly,quaxly,water,water,True,9,310,False,False,False,True,55,65,45,50,45,50
913,quaxwell,quaxwell,water,water,True,9,410,False,False,False,True,70,85,65,65,60,65
914,quaquaval,quaquaval,water,fighting,False,9,530,False,True,False,True,85,120,80,85,75,85
915,lechonk,lechonk,normal,normal,True,9,254,False,False,False,True,54,45,40,35,45,35
916,oinkologne-male,oinkologne,normal,normal,True,9,489,False,True,False,True,110,100,75,59,80,65
917,tarountula,tarountula,bug,bug,True,9,210,False,False,False,True,35,41,45,29,40,20
918,spidops,spidops,bug,bug,True,9,404,False,True,False,True,60,79,92,52,86,35
919,nymble,nymble,bug,bug,True,9,210,False,False,False,True,33,46,40,21,25,45
920,lokix,lokix,bug,dark,False,9,450,False,True,False,True,71,102,78,52,55,92
921,pawmi,pawmi,electric,electric,True,9,240,False,False,False,True,45,50,20,40,25,60
922,pawmo,pawmo,electric,fighting,False,9,350,False,False,False,True,60,75,40,50,40,85
923,pawmot,pawmot,electric,fighting,False,9,490,False,True,False,True,70,115,70,70,60,105
924,tandemaus,tandemaus,normal,normal,True,9,305,False,False,False,True,50,50,45,40,45,75
925,maushold-family-of-four,maushold,normal,normal,True,9,470,False,True,False,True,74,75,70,65,75,111
926,fidough,fidough,fairy,fairy,True,9,312,False,False,False,True,37,55,70,30,55,65
927,dachsbun,dachsbun,fairy,fairy,True,9,477,False,True,False,True,57,80,115,50,80,95
928,smoliv,smoliv,grass,normal,False,9,260,False,False,False,True,41,35,45,58,51,30
929,dolliv,dolliv,grass,normal,False,9,354,False,False,False,True,52,53,60,78,78,33
930,arboliva,arboliva,grass,normal,False,9,510,False,True,False,True,78,69,90,125,109,39
931,squawkabilly-green-plumage,squawkabilly,normal,flying,False,9,417,False,True,False,True,82,96,51,45,51,92
932,nacli,nacli,rock,rock,True,9,280,False,False,False,True,55,55,75,35,35,25
933,naclstack,naclstack,rock,rock,True,9,355,False,False,False,True,60,60,100,35,65,35
934,garganacl,garganacl,rock,rock,True,9,500,False,True,False,True,100,100,130,45,90,35
935,charcadet,charcadet,fire,fire,True,9,255,False,False,False,True,40,50,40,50,40,35
936,armarouge,armarouge,fire,psychic,False,9,525,False,True,False,True,85,60,100,125,80,75
937,ceruledge,ceruledge,fire,ghost,False,9,525,False,True,False,True,75,125,80,60,100,85
938,tadbulb,tadbulb,electric,electric,True,9,272,False,False,False,True,61,31,41,59,35,45
939,bellibolt,bellibolt,electric,electric,True,9,495,False,True,False,True,109,64,91,103,83,45
940,wattrel,wattrel,electric,flying,False,9,280,False,False,False,True,40,40,35,55,40,70
941,kilowattrel,kilowattrel,electric,flying,False,9,490,False,True,False,True,70,70,60,105,60,125
942,maschiff,maschiff,dark,dark,True,9,340,False,False,False,True,60,78,60,40,51,51
943,mabosstiff,mabosstiff,dark,dark,True,9,505,False,True,False,True,80,120,90,60,70,85
944,shroodle,shroodle,poison,normal,False,9,290,False,False,False,True,40,65,35,40,35,75
945,grafaiai,grafaiai,poison,normal,False,9,485,False,True,False,True,63,95,65,80,72,110
946,bramblin,bramblin,grass,ghost,False,9,275,False,False,False,True,40,65,30,45,35,60
947,brambleghast,brambleghast,grass,ghost,False,9,480,False,True,False,True,55,115,70,80,70,90
948,toedscool,toedscool,ground,grass,False,9,335,False,False,False,True,40,40,35,50,100,70
949,toedscruel,toedscruel,ground,grass,False,9,515,False,True,False,True,80,70,65,80,120,100
950,klawf,klawf,rock,rock,True,9,450,False,True,False,True,70,100,115,35,55,75
951,capsakid,capsakid,grass,grass,True,9,304,False,False,False,True,50,62,40,62,40,50
952,scovillain,scovillain,grass,fire,False,9,486,False,True,False,True,65,108,65,108,65,75
953,rellor,rellor,bug,bug,True,9,270,False,False,False,True,41,50,60,31,58,30
954,rabsca,rabsca,bug,psychic,False,9,470,False,True,False,True,75,50,85,115,100,45
955,flittle,flittle,psychic,psychic,True,9,255,False,False,False,True,30,35,30,55,30,75
956,espathra,espathra,psychic,psychic,True,9,481,False,True,False,True,95,60,60,101,60,105
957,tinkatink,tinkatink,fairy,steel,False,9,297,False,False,False,True,50,45,45,35,64,58
958,tinkatuff,tinkatuff,fairy,steel,False,9,380,False,False,False,True,65,55,55,45,82,78
959,tinkaton,tinkaton,fairy,steel,False,9,506,False,True,False,True,85,75,77,70,105,94
960,wiglett,wiglett,water,water,True,9,245,False,False,False,True,10,55,25,35,25,95
961,wugtrio,wugtrio,water,water,True,9,425,False,True,False,True,35,100,50,50,70,120
962,bombirdier,bombirdier,flying,dark,False,9,485,False,True,False,True,70,103,85,60,85,82
963,finizen,finizen,water,water,True,9,315,False,False,False,True,70,45,40,45,40,75
964,palafin-zero,palafin,water,water,True,9,457,False,True,False,True,100,70,72,53,62,100
965,varoom,varoom,steel,poison,False,9,300,False,False,False,True,45,70,63,30,45,47
966,revavroom,revavroom,steel,poison,False,9,500,False,True,False,True,80,119,90,54,67,90
967,cyclizar,cyclizar,dragon,normal,False,9,501,False,True,False,True,70,95,65,85,65,121
968,orthworm,orthworm,steel,steel,True,9,480,False,True,False,True,70,85,145,60,55,65
969,glimmet,glimmet,rock,poison,False,9,350,False,False,False,True,48,35,42,105,60,60
970,glimmora,glimmora,rock,poison,False,9,525,False,True,False,True,83,55,90,130,81,86
971,greavard,greavard,ghost,ghost,True,9,290,False,False,False,True,50,61,60,30,55,34
972,houndstone,houndstone,ghost,ghost,True,9,488,False,True,False,True,72,101,100,50,97,68
973,flamigo,flamigo,flying,fighting,False,9,500,False,True,False,True,82,115,74,75,64,90
974,cetoddle,cetoddle,ice,ice,True,9,334,False,False,False,True,108,68,45,30,40,43
975,cetitan,cetitan,ice,ice,True,9,521,False,True,False,True,170,113,65,45,55,73
976,veluza,veluza,water,psychic,False,9,478,False,True,False,True,90,102,73,78,65,70
977,dondozo,dondozo,water,water,True,9,530,False,True,False,True,150,100,115,65,65,35
978,tatsugiri-curly,tatsugiri,dragon,water,False,9,475,False,True,False,True,68,50,60,120,95,82
979,annihilape,annihilape,fighting,ghost,False,9,535,False,True,False,True,110,115,80,50,90,90
980,clodsire,clodsire,poison,ground,False,9,430,False,True,False,True,130,75,60,45,100,20
981,farigiraf,farigiraf,normal,psychic,False,9,520,False,True,False,True,120,90,70,110,70,60
982,dudunsparce-two-segment,dudunsparce,normal,normal,True,9,520,False,True,False,True,125,100,80,85,75,55
983,kingambit,kingambit,dark,steel,False,9,550,False,True,False,True,100,135,120,60,85,50
984,great-tusk,great-tusk,ground,fighting,False,9,570,False,True,False,True,115,131,131,53,53,87
985,scream-tail,scream-tail,fairy,psychic,False,9,570,False,True,False,True,115,65,99,65,115,111
986,brute-bonnet,brute-bonnet,grass,dark,False,9,570,False,True,False,True,111,127,99,79,99,55
987,flutter-mane,flutter-mane,ghost,fairy,False,9,570,False,True,False,True,55,55,55,135,135,135
988,slither-wing,slither-wing,bug,fighting,False,9,570,False,True,False,True,85,135,79,85,105,81
989,sandy-shocks,sandy-shocks,electric,ground,False,9,570,False,True,False,True,85,81,97,121,85,101
990,iron-treads,iron-treads,ground,steel,False,9,570,False,True,False,True,90,112,120,72,70,106
991,iron-bundle,iron-bundle,ice,water,False,9,570,False,True,False,True,56,80,114,124,60,136
992,iron-hands,iron-hands,fighting,electric,False,9,570,False,True,False,True,154,140,108,50,68,50
993,iron-jugulis,iron-jugulis,dark,flying,False,9,570,False,True,False,True,94,80,86,122,80,108
994,iron-moth,iron-moth,fire,poison,False,9,570,False,True,False,True,80,70,60,140,110,110
995,iron-thorns,iron-thorns,rock,electric,False,9,570,False,True,False,True,100,134,110,70,84,72
996,frigibax,frigibax,dragon,ice,False,9,320,False,False,False,True,65,75,45,35,45,55
997,arctibax,arctibax,dragon,ice,False,9,423,False,False,False,True,90,95,66,45,65,62
998,baxcalibur,baxcalibur,dragon,ice,False,9,600,False,True,False,True,115,145,92,75,86,87
999,gimmighoul,gimmighoul,ghost,ghost,True,9,300,False,False,False,True,45,30,70,75,70,10
1000,gholdengo,gholdengo,steel,ghost,False,9,550,False,True,False,True,87,60,95,133,91,84
1001,wo-chien,wo-chien,dark,grass,False,9,570,True,True,False,True,85,85,100,95,135,70
1002,chien-pao,chien-pao,dark,ice,False,9,570,True,True,False,True,80,120,80,90,65,135
1003,ting-lu,ting-lu,dark,ground,False,9,570,True,True,False,True,155,110,125,55,80,45
1004,chi-yu,chi-yu,dark,fire,False,9,570,True,True,False,True,55,80,80,135,120,100
1005,roaring-moon,roaring-moon,dragon,dark,False,9,590,False,True,False,True,105,139,71,55,101,119
1006,iron-valiant,iron-valiant,fairy,fighting,False,9,590,False,True,False,True,74,130,90,120,60,116
1007,koraidon,koraidon,fighting,dragon,False,9,670,True,True,False,True,100,135,115,85,100,135
1008,miraidon,miraidon,electric,dragon,False,9,670,True,True,False,True,100,85,100,135,115,135
1009,walking-wake,walking-wake,water,dragon,False,9,590,False,True,False,True,99,83,91,125,83,109
1010,iron-leaves,iron-leaves,grass,psychic,False,9,590,False,True,False,True,90,130,88,70,108,104
1011,dipplin,dipplin,grass,dragon,False,9,485,False,False,False,True,80,80,110,95,80,40
1012,poltchageist,poltchageist,grass,ghost,False,9,308,False,False,False,True,40,45,45,74,54,50
1013,sinistcha,sinistcha,grass,ghost,False,9,508,False,True,False,True,71,60,106,121,80,70
1014,okidogi,okidogi,poison,fighting,False,9,555,True,True,False,True,88,128,115,58,86,80
1015,munkidori,munkidori,poison,psychic,False,9,555,True,True,False,True,88,75,66,130,90,106
1016,fezandipiti,fezandipiti,poison,fairy,False,9,555,True,True,False,True,88,91,82,70,125,99
1017,ogerpon,ogerpon,grass,grass,True,9,550,True,True,False,True,80,120,84,60,96,110
1018,archaludon,archaludon,steel,dragon,False,9,600,False,True,False,True,90,105,130,125,65,85
1019,hydrapple,hydrapple,grass,dragon,False,9,540,False,True,False,True,106,80,110,120,80,44
1020,gouging-fire,gouging-fire,fire,dragon,False,9,590,False,True,False,True,105,115,121,65,93,91
1021,raging-bolt,raging-bolt,electric,dragon,False,9,590,False,True,False,True,125,73,91,137,89,75
1022,iron-boulder,iron-boulder,rock,psychic,False,9,590,False,True,False,True,90,120,80,68,108,124
1023,iron-crown,iron-crown,steel,psychic,False,9,590,False,True,False,True,90,72,100,122,108,98
1024,terapagos,terapagos,normal,normal,True,9,450,True,True,False,True,90,65,85,65,85,60
1025,pecharunt,pecharunt,poison,ghost,False,9,600,False,True,False,True,88,88,160,88,88,88
10091,rattata-alola,rattata,dark,normal,False,7,253,False,False,True,False,30,56,35,25,35,72
10092,raticate-alola,raticate,dark,normal,False,7,413,False,True,True,False,75,71,70,40,80,77
10100,raichu-alola,raichu,electric,psychic,False,7,485,False,True,True,False,60,85,50,95,85,110
10101,sandshrew-alola,sandshrew,ice,steel,False,7,300,False,False,True,False,50,75,90,10,35,40
10102,sandslash-alola,sandslash,ice,steel,False,7,450,False,True,True,False,75,100,120,25,65,65
10103,vulpix-alola,vulpix,ice,ice,True,7,299,False,False,True,False,38,41,40,50,65,65
10104,ninetales-alola,ninetales,ice,fairy,False,7,505,False,True,True,False,73,67,75,81,100,109
10105,diglett-alola,diglett,ground,steel,False,7,265,False,False,True,False,10,55,30,35,45,90
10106,dugtrio-alola,dugtrio,ground,steel,False,7,425,False,True,True,False,35,100,60,50,70,110
10107,meowth-alola,meowth,dark,dark,True,7,290,False,False,True,False,40,35,35,50,40,90
10108,persian-alola,persian,dark,dark,True,7,440,False,True,True,False,65,60,60,75,65,115
10109,geodude-alola,geodude,rock,electric,False,7,300,False,False,True,False,40,80,100,30,30,20
10110,graveler-alola,graveler,rock,electric,False,7,390,False,False,True,False,55,95,115,45,45,35
10111,golem-alola,golem,rock,electric,False,7,495,False,True,True,False,80,120,130,55,65,45
10112,grimer-alola,grimer,poison,dark,False,7,325,False,False,True,False,80,80,50,40,50,25
10113,muk-alola,muk,poison,dark,False,7,500,False,True,True,False,105,105,75,65,100,50
10114,exeggutor-alola,exeggutor,grass,dragon,False,7,530,False,True,True,False,95,105,85,125,75,45
10115,marowak-alola,marowak,fire,ghost,False,7,425,False,True,True,False,60,80,110,50,80,45
10161,meowth-galar,meowth,steel,steel,True,8,290,False,False,True,False,50,65,55,40,40,40
10162,ponyta-galar,ponyta,psychic,psychic,True,8,410,False,False,True,False,50,85,55,65,65,90
10163,rapidash-galar,rapidash,psychic,fairy,False,8,500,False,True,True,False,65,100,70,80,80,105
10164,slowpoke-galar,slowpoke,psychic,psychic,True,8,315,False,False,True,False,90,65,65,40,40,15
10165,slowbro-galar,slowbro,poison,psychic,False,8,490,False,True,True,False,95,100,95,100,70,30
10166,farfetchd-galar,farfetchd,fighting,fighting,True,8,377,False,False,True,False,52,95,55,58,62,55
10167,weezing-galar,weezing,poison,fairy,False,8,490,False,True,True,False,65,90,120,85,70,60
10168,mr-mime-galar,mr-mime,ice,psychic,False,8,460,False,False,True,False,50,65,65,90,90,100
10169,articuno-galar,articuno,psychic,flying,False,8,580,True,True,True,False,90,85,85,125,100,95
10170,zapdos-galar,zapdos,fighting,flying,False,8,580,True,True,True,False,90,125,90,85,90,100
10171,moltres-galar,moltres,dark,flying,False,8,580,True,True,True,False,90,85,90,100,125,90
10172,slowking-galar,slowking,poison,psychic,False,8,490,False,True,True,False,95,65,80,110,110,30
10173,corsola-galar,corsola,ghost,ghost,True,8,410,False,False,True,False,60,55,100,65,100,30
10174,zigzagoon-galar,zigzagoon,dark,normal,False,8,240,False,False,True,False,38,30,41,30,41,60
10175,linoone-galar,linoone,dark,normal,False,8,420,False,False,True,False,78,70,61,50,61,100
10176,darumaka-galar,darumaka,ice,ice,True,8,315,False,False,True,False,70,90,45,15,45,50
10177,darmanitan-galar-standard,darmanitan,ice,ice,True,8,480,False,True,True,False,105,140,55,30,55,95
10179,yamask-galar,yamask,ground,ghost,False,8,303,False,False,True,False,38,55,85,30,65,30
10180,stunfisk-galar,stunfisk,ground,steel,False,8,471,False,True,True,False,109,81,99,66,84,32
10229,growlithe-hisui,growlithe,fire,rock,False,8,350,False,False,True,False,60,75,45,65,50,55
10230,arcanine-hisui,arcanine,fire,rock,False,8,555,False,True,True,False,95,115,80,95,80,90
10231,voltorb-hisui,voltorb,electric,grass,False,8,330,False,False,True,False,40,30,50,55,55,100
10232,electrode-hisui,electrode,electric,grass,False,8,490,False,True,True,False,60,50,70,80,80,150
10233,typhlosion-hisui,typhlosion,fire,ghost,False,8,534,False,True,True,False,73,84,78,119,85,95
10234,qwilfish-hisui,qwilfish,dark,poison,False,8,440,False,False,True,False,65,95,85,55,55,85
10235,sneasel-hisui,sneasel,fighting,poison,False,8,430,False,False,True,False,55,95,55,35,75,115
10236,samurott-hisui,samurott,water,dark,False,8,528,False,True,True,False,90,108,80,100,65,85
10237,lilligant-hisui,lilligant,grass,fighting,False,8,480,False,True,True,False,70,105,75,50,75,105
10238,zorua-hisui,zorua,normal,ghost,False,8,330,False,False,True,False,35,60,40,85,40,70
10239,zoroark-hisui,zoroark,normal,ghost,False,8,510,False,True,True,False,55,100,60,125,60,110
10240,braviary-hisui,braviary,psychic,flying,False,8,510,False,True,True,False,110,83,70,112,70,65
10241,sliggoo-hisui,sliggoo,steel,dragon,False,8,452,False,False,True,False,58,75,83,83,113,40
10242,goodra-hisui,goodra,steel,dragon,False,8,600,False,True,True,False,80,100,100,110,150,60
10243,avalugg-hisui,avalugg,ice,rock,False,8,514,False,True,True,False,95,127,184,34,36,38
10244,decidueye-hisui,decidueye,grass,fighting,False,8,530,False,True,True,False,88,112,80,95,95,60
10250,tauros-paldea-combat-breed,tauros,fighting,fighting,True,9,490,False,True,True,False,75,110,105,30,70,100
10251,tauros-paldea-blaze-breed,tauros,fighting,fire,False,9,490,False,True,True,False,75,110,105,30,70,100
10252,tauros-paldea-aqua-breed,tauros,fighting,water,False,9,490,False,True,True,False,75,110,105,30,70,100
10253,wooper-paldea,wooper,poison,ground,False,9,210,False,False,True,False,55,45,45,25,25,15
